Name,Price,Photo
"Mercedes-Benz S-Класс W221 Седан , 2005",10000$,https://i.cars.kg/preview/r/8AkqWDlVT8GolYlGxy0gag/1080x-/20211001/2d52c57de427394c5f171ac668501efd.jpg
"Mercedes-Benz , 1995",4500$,https://i.cars.kg/preview/r/Kh98lIwt7DYnfOtP-ov7iQ/1080x-/20211001/c839c818d8414c128d32937af405c60e.jpg
"Mercedes-Benz E-Класс W210/S210 Универсал , 1996",3700$,https://i.cars.kg/preview/r/kRrbEBvMiiEAowASMadrlg/1080x-/20210930/03cb8a11210de26c646c5788fc1519b8.jpg
"Mercedes-Benz E-Класс W210/S210 [рестайлинг] Седан , 2000",5500$,https://i.cars.kg/preview/r/sNpL-VtX9s-UQQjBT-r5zQ/1080x-/20210929/29e276131a7d6b901b866664f323c26a.jpeg
"Mercedes-Benz E-Класс W124 Седан 4-дв. , 1992",1800$,https://i.cars.kg/preview/r/wd_C8oJN7iMhdmZ_K5Y3VA/1080x-/20210930/74aaa0341b1404496b74feb86f6611e1.jpg
"Mercedes-Benz E-Класс W124 Седан 4-дв. , 1990",3800$,https://i.cars.kg/preview/r/s1aZ0kRK4RONZ_rSn9BxtA/1080x-/20210929/e9a8e23af6c3aa9a8ba2eb8d030435c9.jpg
"Mercedes-Benz , 2012",31000$,https://i.cars.kg/preview/r/JQNlcdrRFIZfIjth7NtqrQ/1080x-/20210929/7ce38e3102981f47eda264329618bc8f.jpg
"Mercedes-Benz S-Класс W140/C140 [рестайлинг] Седан , 1996",10777$,https://i.cars.kg/preview/r/NL8VpNHM-ntltLI5XC-0LQ/1080x-/20210929/4137685462508d3e52844bfb650c1677.jpeg
"Mercedes-Benz E-Класс W211/S211 Седан , 2003",16500$,https://i.cars.kg/preview/r/E1u6EM1r4kkqkpKamwMUiQ/1080x-/20210928/4e68563c37b0de8231f5fe11733e9688.jpg
"Mercedes-Benz GL-Класс X164 Внедорожник , 2007",13200$,https://i.cars.kg/preview/r/DUkJXqUgjtldNg31wvXzng/1080x-/20210928/63b94ec0f6cfbec4828490dcf56a9875.jpg
"Mercedes-Benz , 1996",5700$,https://i.cars.kg/preview/r/_ZfS4Dq4Lpd7abTCOrblIg/1080x-/20210928/0ea4ee91b3dff1698bb882a7980b1330.jpg
"Mercedes-Benz M-Класс W163 [рестайлинг] Кроссовер , 2004",8200$,https://i.cars.kg/preview/r/ctOy8e4kD5u6wjXr30z8WQ/1080x-/20210928/1037d116ac8be7ecbb153562af88fd31.jpg
"Mercedes-Benz E-Класс W212/S212/C207/A207 AMG седан 4-дв. , 2010",13300$,https://i.cars.kg/preview/r/GlA-hh228bBtF2JY6Sk4dQ/1080x-/20210927/4fcc3c821b985b2e3c76fe05638be3f0.jpg
"Mercedes-Benz G-Класс W463 AMG внедорожник 5-дв. , 2005",35500$,https://i.cars.kg/preview/r/FdOPpMIaZGKk7LnZhFyBFg/1080x-/20210927/e0d92f316440cead03b9efcf613d4898.jpg
"Mercedes-Benz C-Класс W201 [рестайлинг] Седан , 1990",1000$,https://i.cars.kg/preview/r/ThuOr-MPwM5Brirc16l--w/1080x-/20210927/24d687871032d86187ddc048da7c22f5.jpg
"Mercedes-Benz E-Класс W210/S210 Седан 4-дв. , 1995",2000$,https://i.cars.kg/preview/r/yNzo5f39-m9oR6JQ44wviQ/1080x-/20210926/a9589d0004e785cd3f18821a2d8826c0.jpg
"Mercedes-Benz A-Класс W168/V168 [рестайлинг] Хетчбэк 5-дв. , 2002",2300$,https://i.cars.kg/preview/r/um9YP_WTimki4UaodfwEUg/1080x-/20210926/5fb7f6509d8b0f5a529bd28fba62c7ef.jpg
"Mercedes-Benz E-Класс W211/S211 Седан , 2002",9000$,https://i.cars.kg/preview/r/j0dZRSU8kYGDD0xP3DtKgg/1080x-/20210926/126d55e2888df9183b6560850aa2d7f5.jpg
"Mercedes-Benz S-Класс W221 Седан , 2008",13500$,https://i.cars.kg/preview/r/k1BwSABaqfSfNNQUXl1Q4Q/1080x-/20210926/8e777918e27551a2c98c24ebc88aa449.jpg
"Mercedes-Benz E-Класс W211/S211 Седан , 2005",8900$,https://i.cars.kg/preview/r/bMNeMwNycDKT5nlhisoCtw/1080x-/20210926/cf8dd0819373bd26fc3fdc62f6b12e10.jpg
"Mercedes-Benz E-Класс W124 Седан 4-дв. , 1993",3300$,https://i.cars.kg/preview/r/Ce1b5VgHcgTp_ysLzfMplQ/1080x-/20210926/1538cee9c4b4643cb36bd81370ea75c6.jpg
"Mercedes-Benz S-Класс W222 / C217 Седан 4-дв. , 2014",34000$,https://i.cars.kg/preview/r/4soDslSmx4C2h_QxD7DRaA/1080x-/20210925/2459de27e83643eb3eb1607c82906fbd.jpeg
"Mercedes-Benz G-Класс W463 [2-й рестайлинг] AMG 6x6 пикап 4-дв. , 2013",75000$,https://i.cars.kg/preview/r/aFWkcs7leWQj5DDqxUOszQ/1080x-/20210924/8e749b42098c7fa02b73d62b5a5ab736.jpg
"Mercedes-Benz G-Класс W463 [2-й рестайлинг] Внедорожник 5-дв. , 2011",44100$,https://i.cars.kg/preview/r/M_ozjk21YugVOVXZir78DQ/1080x-/20210924/fa0a939552f9fc6f16b64ef121b803fd.jpg
"Mercedes-Benz , 2001",10500$,https://i.cars.kg/preview/r/Ehy5zP5bTvbeaIzd-QxkSQ/1080x-/20210924/5ef466675069bd82a4f5e360b4cc260d.jpg
"Mercedes-Benz , 2003",10500$,https://i.cars.kg/preview/r/fY94OZrmwOVDJLpoTYkq6w/1080x-/20210924/fc2afc336813fd00419585358edcb48d.jpg
"Mercedes-Benz S-Класс X110 Blit универсал , 2003",7200$,https://i.cars.kg/preview/r/RA7fKNlP9fj0gn3fRpYtqA/1080x-/20210924/90dc64a2172c91dfdacaed749e55b2da.jpg
"Mercedes-Benz S-Класс W220 [рестайлинг] , 2003",9300$,https://i.cars.kg/preview/r/kzuDQT4xJvzvZqe1C8hfTA/1080x-/20210924/c206c0b06b09ab450271b8f02d7b8021.jpg
"Mercedes-Benz E-Класс W211/S211 [рестайлинг] Седан 4-дв. , 2006",7300$,https://i.cars.kg/preview/r/am3-ZFmx-wAm8LRFvjzhXw/1080x-/20210923/45e448d11c626138d76be7bc512cd28a.jpeg
"Mercedes-Benz E-Класс W124 Седан 4-дв. , 1990",3500$,https://i.cars.kg/preview/r/OFa5qb_NswTsCbRFjfW9IA/1080x-/20210923/54d5df018a87c01c9eaf270efef78710.jpg
"Mercedes-Benz S-Класс W221 Седан , 2009",14800$,https://i.cars.kg/preview/r/eVfHxWTrkH65MJuxuydIbg/1080x-/20210923/075381dd315877e4fa5632b934525afc.jpg
"Mercedes-Benz S-Класс W222 / C217 AMG седан 4-дв. , 2019",110000$,https://i.cars.kg/preview/r/oImTtqDnRqKOeiewF6LJHg/1080x-/20210923/be4bf7d27d5a94836af5a940aa2aa8a5.jpg
"Mercedes-Benz E-Класс W212/S212/C207/A207 AMG седан 4-дв. , 2009",26100$,https://i.cars.kg/preview/r/O1U3R0xWx4ddbH5PAgV4lQ/1080x-/20210923/0c79b74f4597fe798851f4403f3362e6.jpg
"Mercedes-Benz , 2021",300$,https://i.cars.kg/preview/r/ALKI2OvUeLWWkW71AYFqHA/1080x-/20210922/7d88902670c18306526741553e39497a.jpg
"Mercedes-Benz S-Класс , 2007",9500$,https://i.cars.kg/preview/r/3pRmc4fiZwBzmhGMUaZSSQ/1080x-/20210922/0b2f6bf1b15b55ef5fb78e8a3549d32b.jpg
"Mercedes-Benz E-Класс W212/S212/C207/A207 Седан 4-дв. , 2010",15100$,https://i.cars.kg/preview/r/IDiRXDXZa2aT-a-U25KJsg/1080x-/20210922/c8de411f95901eac766b042133d6dcf3.jpg
"Mercedes-Benz GL-Класс X164 Внедорожник , 2007",12000$,https://i.cars.kg/preview/r/WBBXJVMhAOVtnDE1WvAVSg/1080x-/20210922/114a453ffaaf3bc90838bf987819d015.jpg
"Mercedes-Benz Viano W639 [рестайлинг] Микроавтобус 4-дв. , 2011",21900$,https://i.cars.kg/preview/r/KZHASfIp8iAO26HLkyB3OA/1080x-/20210922/40fbac28ba4b8b331ac11811eee9ae5a.jpg
"Mercedes-Benz E-Класс W210/S210 [рестайлинг] Седан , 2001",5000$,https://i.cars.kg/preview/r/5TnIWgpT7_3H6-VPOVXDrw/1080x-/20210922/87a88e075fdbc4c464544bbbce95ebaa.jpg
"Mercedes-Benz Sprinter W906 Фургон , 2002",7800$,https://i.cars.kg/preview/r/9oBaDwMoO8AGilh3erCX6w/1080x-/20210921/8388489beccda1532a85171abe6def31.jpg
"Mercedes-Benz S-Класс W221 [рестайлинг] AMG седан 4-дв. , 2011",18500$,https://i.cars.kg/preview/r/GuQR_BMWGLAymfyR0YRX5Q/1080x-/20210921/faf9fe3daf41e265ebeb3f16127afe2b.jpg
"Mercedes-Benz GL-Класс X166 Внедорожник 5-дв. , 2012",33250$,https://i.cars.kg/preview/r/juGAgZsUkJgFkefNXWbyGQ/1080x-/20210921/4e8e4347b6d54e187107b9683701bb53.jpg
"Mercedes-Benz E-Класс W124 [2-й рестайлинг] Седан , 1994",4000$,https://i.cars.kg/preview/r/lboojUZOgBC9ROlkWW_9Jg/1080x-/20210920/70f0f9ed15217de0d98e007f2f044fad.jpg
"Mercedes-Benz M-Класс W163 Кроссовер , 2000",7700$,https://i.cars.kg/preview/r/4MpEQ88zaIWn_uEB585-Uw/1080x-/20210920/2930379d5823142b1bf6d86a131d8a66.jpg
"Mercedes-Benz S-Класс W222 / C217 , 2014",41300$,https://i.cars.kg/preview/r/qNrzdhW1B_aOo9U0jrDlkQ/1080x-/20210920/07ba139c388a2c485a160d2cb0b30ca3.jpg
"Mercedes-Benz E-Класс W211/S211 Седан , 2004",8000$,"data:image/png;base64,iVBORw0KGgoAAAANSUhEUgAAAVEAAACWCAMAAABQMkvIAAAAk1BMVEUiHx/////u7u7t7e3w8PAAAADz8/P6+vr39/f4+PgeGxv8/PwPCQnl5eXp6ena2toyMDAZFRU4NjYJAAAVEREbGBjU1NSQj49EQkKsq6u6ubnGxcXf39+ko6N+fX2Eg4OZmJhcWlorKChLSUmysbFXVVVFQ0MnJCRqaWk8Ojp0c3OJiIi+vr7Nzc1aWFiAf39mZGSbULFuAAAaLElEQVR4nO1dCXeyOhMWSAIGEDGAG+5a69b6/3/dl4191Vrtez/n3HPumzrG8JBklsxMOoogU1M5Idk2RFvTZRuIjzXZVH7G3r2PvSvbqJwdyKZ+H7vxM3ZTtjtvRN+IvhF9I/pG9I3oX0ZUuw2ie9kLiGqt2GOIytkrEW3HbtSyVyOq5RA1JQFBSBFNQ7Z10VSQbCv17N0ce0PvLdm797EbD2FXcux6Q+8dTVDyBgQlb0BQ9AZy7GY7dvUx7EaOXZXtHDt6DDtox67n2DvqbbvEjZtKrnczx25oP2KXe4v6I/a2sqAlu/pG9I3oG9E3om9EH4Joo3KWRVTLPbMaP0QrRB/Gzj/X8ojmnzkR3mUQ/ZQ9p1OrHSRJF9SVTUO2jezHepad6V+l7N1S9sre27NTLbAbNfPs+m29/xJ7ZDMpLbWtFDtAmjP+3h0GjPqCBpL67dq3s4++FpMeQEDNDaZMp05spsLYy9jzSvKd7Hfb9chwlhsCPR8/l1wLwtFiigzwb9j1rREF0yu0/M5ryPfg+hSg6Bn/E4hedtB9EZyCsGWtJv8dRIMdfNX0TJEL+2P9P4GodiSvnZ8xYdhf6n8V0fayfuZar0YyIUz2s27kVPojst64iRRnB/GrYcwQJuslMG97il+lG/2js7+y4FOESX/MB/cgh+cz/aPaCr4avlLC8HBW/phd3wrR6d57NXZV5MOVEzsd/hlEh39sB82SC489BP4hRBXj874Vf5uN2eabVb9kdZaAD/efQBSF/fY6kx89NHv+df8mSnqp/OIee7DUAsZwcGY+lBcj2kbWq8YZtzOSfItYnc1GQIoPhm3bPUaRx0u0bCDbqmxHHrLemUQ9ka2iG/JjNcNuh2EwGW584hWmq08+HaRWCe8nnYW28P6ZyrjVFkrh3JzOoa4chQSzhtEZdty7bEeOT3kAb0a/plzirYWM9Wp2g47Jnhw7RWPY85a6WfEsFW7V21zCjeytYkqWbbZQzxotA6FkSZWABDnvUHNMSZBCFNXHlAD6UNsPUsAUbi5SQj00pqT1KUcbu/7UAlAPfk4RAhyimVi67grdHPeUQbRN3NN0U1g+Pvy2UQV7ejCv85TMmwH1yTVAKILo4Mez7NcRVZTJuiAzrf2ESai/iajZBlB4mMqFxiCSqOB9DzwDUQXNC9MUw086Tf8koqrZDKjrLRVTTSCai23U+zZuj3a8B1FF2RY1Ec8bI72C/ZWIAuNI8mMtTNCNndkkuvLp4LR4EvRLiKLLumAfY7KyX4pouX8UfTfNUN+aJexcOduKr/gboBV8jAlE5bpcTtaDHHs3zx71DuxdcaB0mspnzrO3UMHvZ+9URUeytrJsmqHWYGrE7PQLBjB2kVxSkthLUNY7Z8+GaqJpDAzcKpXsUVBr0rtiLooqM4bX0Chlz8SRNvdeFnZaYI/iSGut0EnTDGXeiewSABcpeT1QsmLy/ra8LgcyiLYN6hFm5bbEMPXcMQJ5K7R1TEk79lvs+qDBlMdkJvtJIEIL8SXvmH7mykCm3B50I6JZQ93pF52NmHyG6M94StROvS3v4kvJM+/F4oOXVoj+bI7mIALXkjXl7bfKH0HU3NX7l72RXRR8XblR+COzFaKPnKO0vbSK/gcM58bfQLTB9iQ7Qykiql/FORRZKq0QfegcNVXjXFSj6GAOwR9A1JzWAwqPuRcgKJRbL+y9AlFNRfaqRD3x4VB9HqLl2pbaW9f67ySghWyO2Eki2/LjtrkiBUSz7C0cngAMy+JdLHcRUl28wF5UwX/uH1Wyzx7xH2vlPFwYaln3oC/l0gSUasm/peFnZkUwKBMAFtxMUBn7k6IdL7VrHn5HyzlntMophvs2yKyYX7ZCc1ovKD8E9+H+eGZdAFC60f2uXX+oU5zgnC44bh8kz8zbKHbeR9ZONKrYPJG/FtlK0aj4txFQnBSiBorZpZs8Yo9d/tHXpVc9auuz8uGzA6rdcuoAg/YAoq8/BdFt3RR1j5lNRZxT8JYTKaOBHTIKAlsQ/RcnRzSdy1TQRf6dt8/n82UcbzbeabrdTgRtx4K28p8zSfLPs6GkpaTh8lo5I1yLuIPNcTieOnr8en8dUb12inZG/XVCHYuTxymSZp74IyFQEpEEGyglqOl8yn89/qcV9U/SzRTV2ybY9ywCiXVYzYfbaRBqXSM6f/glRBvs+Van5/8CYZciSyzc33wOZ+fQ+A1EhTT++nvhYr9KYs5aHboZTAIN0V2WbusPzAZX7L8ZL/brxICF0FvvFrOpIxB7TDY4Gjf67f/TRIElEI8+T9tLj+2v8SpuqeGrhTltfP/ZELwnEk/zcT++xxdUImmUm+x6g3k7/BIB+g/TvauOTley3p3ObFNV70eUCiZ/FGg85ih0BPUkOdm2LZuhbN/Jbv8yuzb5gU6CfTpbP4aOKk7Q70QUTqPvlRs/8eYim93b2I2fsZvl7HnLLM2++OFORlH9mPEA1QchGjt11dwzq6UPkfiA27FXQPRA9p8iykAl+GSjtohqhVXvdHnmgybtSCQzIWSzJ5tAtjXZrmC3ZRO9iL27fUhGG7Y6y0K8b4tscHPFJFOTvfhv0aP0QQxHF+X2bPDV/5nJdBP5cAjArf7RN6K1RFYauNFT8ka0nqyDg96IPpTcvoPeiD6U3LUD3og+lLyPXt5BXRft+Ea0maxrjGhe1hfTmd+ItiG4rEhBL/GPGtc3oi3ImqLW/tHPN6ItyD8wtbTZU6LQVf9GtBXBpdGI6GS1Wu2+Vv3m3oqEfdfzPP9fOxvFLh22e58fBTugAVF97bmu7/Puyz0l5T2zcxnY2VyPx+PuYEFoFVNg/yDxUfuj1efncTVyISTerbhac6MJ0X6MhL+xTe5RAdIfzvJKzWlJty6xdoutE6m1hm5PZ8cRLOZr/inyCdwsZhdNp8KZK5K6s/3ekBursEA6SWujHc0E0djjnA0HGOYi9rBlfY1DgECqEBBLgdXs2Y6UxBv/DcIW2Y17PKIsfbhpas54Z5EbRm0tjPpscDWF6ERqW3qcgM001ewpKStgRaE2i85COlXN4LS/ZXRPI0w6C4ePOJ/ebdLZ2psd2tdbw2vNrM0G7yWI4sFZxHiF0g/OG7PMoiD9cS8+Xyo6tAHqLft/7+Tf2s9sfgRXld5tTkatC7KwsOGabHCQQpS+SXksmwnWSnXmWcteEjFYeuhCMZ15f+vs34UnIx/KXsjO0MbFdOiK7na1npIMok0Er076YJBuGoYBkvqVcci79vmXKvCQTagU09YAYqEjauJMQnZJBl8pwd6DEPXJLHN4bTrb4fH69fV1nS8njpkRaJM/U8YMw6GoUSEWkK5QtWRxXK2+VsfTeBrl5bKxg/KkkyKR7WMQ9QaOAJQjqk0+O5BYVJelxGKxOtdJiFCsItibv1G60O9IBUZjeNqTY58poZ4YNYHu18yOEFUrkk4K5B0fgqi1AdHKMZTg2IE5jR570Oc1NqTSZZTlwj2d3HWkNGvACL7X+VEzzXo1jRBVAVi0GDXumzX+UbUlotZVke5UgKa7wsAEefBjksRgNiaV/z55hwhQBV2uFaN2YX8SB91lCt54sUWFfUGYHd93YEiFctY/KsMyWNxotxWi1k5DPEWaKm+fNbWHfbgK49jLl0PqHlQ5GKP3bVXvkRhuLiK3QEFGknboHbUovqIn9U/NtqnBQ8aUm32hNBtcb4Oot+sBKSe3NSPjrFDKL8r++dq91F+rQgEBRkmlmCwrPOlSXzFO0V5KzDhAKVayAOgecGd9OAyuhtJo19cMjacqMfZjs4YBV7xOEGXvbl4p8bHniGdmKXmNoyYfPYEoQNFEgN1CnBpF1KCIsqwEGP4AUe8iIUKbVrKw7yDRu/ZKhxQ8S4jUVkLS9S/yBfRGYvv0rmEUWxnKbdZ2nEWE9w8QhTORwI3UkvIApYPbB0j0fn7dVmotxDIGvV27zQczTxGDCEVVG1zilZBk/wGi3lVsjMA+5ABlMdY8ZCvvZfT3dJbybXf+qq3UP8iNEXzlhsB9pIys3J6EramAyGhT4e5+RLHfE4BqH1knFPF2w7PT03qX7WLnZV1Obj8UEZ66+6J1L+tRKCgrHrFFNt/jqWNrznm5wlmXE90bxfambppdUVlEy/2jFd9cCj0UZTKbMVwvIxOO2vaqs+xndn/vS8bMjl+z7mXJlFxBRUzwKdASex5MPjKY+gebezxBQ6EBRgLRyD96g4aP+1KPzaSNWlQpjlOkpe9pMkhDLl+Eqo1e4tj3HQlNWpR6nWEUiK1La0W5bDLP9Sk/vzZKDHgBpdGOjVYomYnSglonxQfnSKgS3BSLvHm9TC074gi3yksmqbUwxU6VTnYlXw5K5y7Tuap1FXOWnqZQ3lsybdz/KaJ32fW4L0sLptY8tkSlGmMSiMNrczlhXSNjm9KW3B0HHIAb3IUPI2Jz9cQYpqYoHNLVTrei4CIQ1WYzGzHvedBPRBReC386aIyxuRdR64S46yOpKtDBrtj06R6044iaDoSjM9um0XSf9Ea2wqGzfL64l94h4KQWFrflALrs4NpkiALHg/0Zn7O9FKRwKXfYxkJidyLKT/6UTKAZ4ZpzsIE+m8DMe0d/3YebkE4LNE1mqf8hJqnz/I2UTDmixiJ5mVypRs4Kuh2ocUTpwsbwMBWQxmPEew6yqjVK7PsQdb8Qd3g6yeqBM7ZvDpm7BO9tjiifha41prxom+I880lqPj1IDa+FC9lOALW+6QxFS5cJHMhrViE+C30xJ51EEEFeylBDTWmdVnAXotZMIJoo6t4n292HYk1IRE/8UwzZtmocU6w8oqX79CReZi4hjQIY/7D/QZVMJGt9Q4cjKocljNVZvMj9EUc0qyUUic+m0mzw+tltOcxfpRjx+8IdmyE6EQo97ZV9zBcXJkuWnYXSryhk3zaenmjOzEn6yyjR0/lzoAvmq4UianaBIfCGC+6WM3bxQmIfU2QaSjX5G/ZsZdngtRo+HuS3aTjjKdLozM5IcYcryvo33ZEsL7ovLVGXhCpiaocnS3sc8tqOYbJajkJrCgdsljJNEomiFxZcioJQKdFLhTFXNOvjP60TR6Yk2tGse1xvzgcSlcthylRX6nL23LK8PldFu2cIO6deXPUmfrni62by9eeQvxPrcRavWypf5diWHcuFIa8HZBPozYWWxdhjAP2NEMaz2mUPeRG50ti8OrlBRMFZbRRhZA0VedYNULDYiFMxHU3GYark5ymaG0xCMESfrD95c4Mj+hm9SHfVjZNWw+FmxoJBmLqy7aWKUKXcZCFXwWvLX+G+Uolo3eOKF6EEyR5jK3H0AEsPtoe7wWro6Mw7FSOaDIXpKYoJJs9FlJp5fDDxqJlmHAljgAw9pKPenZhdzqM46J+ArhjxpgunHFFUh6isuliKaFDzRSIWS/z6xJuJaowbysyyfN+13BkSK4cCTJdTsm9yB5AJgueuenLmiGrxg9F9NV24cNuxfOxaZMgRBYhOW3bvRLxYpeFt7uv2Q60aUaVT+cXIJIt3FO7RMQPVELYS1UZcSKCLIYMUmCdiMWGE4uXGQoQoovYPIbqRiNAU46lCxbKqKqJ2lqmhKcSYjtqjZilPHl96FmRiZhatJCaaGG+NS88SAqYiG3xRuSaFapaKdySsxvgCDoY2V6BdbO0cPdx5mM4CFLAjEyYCUZafqgb1isijyQs5orGC4h0NpouuTzYfzMh3+xPQOxK2qek86MHf0XHGHjyqcnNEa4S9Jb1Opdng5qVSpvk7HqGbZP7TGWgaB59dL2ka+gz6Gz1YBt2RT2Zm4Lt89Ireje0mii8LLGz0wT6WsGYg1E1WlrXUkf7pYYv+wzToFO33guWUAmZ9KxqvCYkHhmnG5fvcL5Mhk0i2AtENoyYbXEWVs5uqIdzXPI8RZRcI8LNAeDSVo0emF7p+nC2hepJw7bpfdFdP3vY34sGvg2ciivfcEZZoGHyl8AnHLkaYEfr6LQK3U+KPdDGR8QGoIIjegL/hyKBKRP0ByFY1zWUxosoShP5OXHiWRhSAD/4C6HS9epZDvwsnF0inZki4dc9WzCVB1OBhUi0OGR5HQmdDub1HwEM3zKUFpyHskEXg+Ydur8+sP46oE/FzROm4KxGFl64aqbFliAJQ5WYvInpGoMcnHKZifM7CSUdwpA8tpqdqR8/iszLRDSJEn+wi1avmKHODjNmCusK+MybuytD1YYdgd6dTRDNztAZRKtEaMm0rJymzHtjnydseS0Qt68zNOHwBAbj4/GBWMYJvC7LbhFL7KHoBor7BEU1k91Ai6lpDpND5SQcfauEakyUrX6ot93BJEY1XlnsViFZIJq8+IlcV/rbyt4FFhhlK9vghUo2d58EjUxOMERX289kRYm/DBR8wwiGzN+I3YC05ouZzZT0XxCjxK3rs8OibWp9fgQH4aQQ8jhfYZ6EyolDezGbaQMw/F8GRu9Kl6x5AM6JGWKFAYR6dg2I9hC4TNqOPwpQyLx2v41lex1rbUjkDPNoxfrlwyxHVnutzZt46djVHrI8yJXBKdhPAT0XQgXQ84lEd/5wuQWDEGo21ZIgCtdTj4fu20iYbvOJ4DQZM2IOkLLBH34Emi7QrBnKuPADiUxoQsrvuOrGZAOvdea6DFIqAUDv+VYsanCA0mIDmIQoLi9WN3V0MkCrlgmJpwqwUdkpctnDdfSjYm7LBzWvpLIVnloHTtWN7DE7pH7ryS11TMe3z9myb5sXR4zzpVFV9AhivOXkuolQ74mlD8e5tzVKjZvk2vcn4HOpmcOnGo9bD5I7NQOd/KLteo++U5oMXs8GBfSjbhrmUpO831n6EGaoJPba3nPfEXF1CuBnHNavjs26fb68myueY/TJRG4kXuI/PNfCgGxe4R9rscyqqDQcQjmaa8I+aiUGA6fbK2EtituAmbJ0NDsJ9yWbHpJ6SNis7Xi/y5mlDj0Bu3iImFX34EcitJPHdLsVDPDl3nwlUhmjKTz6JX/e4Q6wPUbaNqlc+WU+E38yIZ7S7Ese/hXngw2EXRM4/iWipp0S6kIOSRAm8F99L/HPUcJPsIxJd04AQd9u4UBzjf8cjIfwY2mw4X3g8WQFHVEtlvMpHNa4Qd3BfZGdwPy6GC36UlkgS7gykH+dEvQ8PwW33iqCwJDhUOEjVVBQD8y5o7FoB9nvClYLkJPRJT0l7B/FBiMIWQUSPJeaOYz+dqOhQbF89GUgUghhRFuRIVYBeUu6bhNyHDzKAenDE5sttN7WA3rwQYc+VY0XLnCqa7AhVXBqO+2aCqCu8oYkBJr6c8uk/i6iSxxFNdkLscwepDCvzHSBXPQOUTkmQso/cqzj+ncAoYJRl6XxO+ey48e4bwMIasksfHziiIEycqOSoqDxumNnDa4EoHQ+GPLVNSd3jGN2FM0jedsk96n5Mbkxx9CvLopT/JzmK6w2W1dt3RLnS5Je9nSkgxQmiTBaR9dlg0TzJMuJRBhTR5XE+nx8ZLWbTyGF9x93glytOSg/TR+HzjuqUKScqoYaTBsDMs7B/EKv+BEln2UvNAkaRV/YCrbiIPrtNXVxSMBgcBH2MJO2uK0673Scj/izD4XDxvaD/LZfRlQ3R3Q3bs7jbYTyenM/nyfRyuQSOEwYXRrbQvVPmNRFRd+c19HEn5PvoGVru0EaaaiS3RrCTfTWlaApnXSoVViuX9dV3g3ephrk8SVp8f8/HXeZGNdMR9fCkmLpJ7eEBvHb57d293ZLamshIv+uOF4icaa3X4xkXrDJoj1Xfl1phpAhGg4/uZky3mZsyaspBRu2uoKgddyfLrfPfTvuAyCdgyeDGeAP74uZxdTUP+ZOk7RtqHjz6bnCQXIZisLr7Mi1xlvpVchSmhhYE6aIdhv2ZZhqibO+6vOil/uKJ+rvBi+z5ZOQMO0rHg1kbGcpuh4IdUJuZPcgpJZG9a23vP7kbnFHmQq10Jo014L4mFWRK9Zz7KRHk9w2Q7b3yNqEMRPfeJlRAVHSWDsx28ThOo5Hs9PU66XtcsWXX9v6Du8GLzxymC2b48NNRzIy661wzYeN0A257P9MvIgrslFjsYLI5p9npHA2z+g0c1/f+UERztw15cDV22K5gsG/3xruslgCX7W+8+kVEqSWSec8+3MxC8Tkdeji+koxmFweNPwdRZZjV1F0C+6v5abGYX9cwl09P5tUQPRVRLX+nj0/gfjUfnk7z6yA/am+jNvT+YESVY974wUJzLGTYkFUNRE9GNCNTo1Ez1bAwam9gg4be77sbvORuv+jz5nvtOcHPst4rbw7MDua+mwNjnTpVMiliH7erlmGNbNDUe9Pd4FW3d+fuykkV9V+2GRw8orre83eDNwym5e3dNexUgW9xiACvLDm+ovequ8Ej9tq7wZWitpVaAudOUwyTS2ZCb2p7N7gcjFrBXns3eLvLvo1Lv8m14MNhzJ7aWx5xNzh/5twukd5UtFXtNMVwZ6Ns7y0han0F7m0vQJzm2sf6EllkcMn0/sC7wRsRVZRJvxJTDPfjmyF6AqIqMC6bSkyx5Q2NbO/PRVQxqEFf5pV3YX9m3A7RMxBl7Oe8Y02ud7L/Llx3/2RETdTbriBM1x3FvgfJ6mzcA9GzEFWUy9HLj5owld8Av3fbeitEdQ0gI9weN/s4v36/OW5D5T6Inoco/XS62KwpjNypanU+juMAoZISrQ+6G7zy9u4cOz8LBSzWOrxcJpPJ+XwJNZTcoCTZ294N3sDe4m7wtNbbwE41Q/synYy3k+mFpTuYapb9wXeDN2n4OXZ+7zJ9xRWj+TMafhm70CTVSpW9ovcb7wZvtEJ/xv4qK7SW/XfvBn8j+kb0jegb0Tei9yHa5AeoOluruJiw6SjuRvafnNw1s+fdN20RzWm9hbvBo9riOV9V/gbsCvbuY9mlI617H7u8vdt8LLvewP4IDb+Z/U9q+E3sd2r4/wPEj6+jU9JrbwAAAABJRU5ErkJggg=="
"Mercedes-Benz E-Класс W211/S211 Седан , 2003",6500$,https://i.cars.kg/preview/r/8pJtLXJNBYaHQQkrDOn84w/1080x-/20210919/1936efe91aa74dfbab7ab29345e49b30.jpg
"Mercedes-Benz Sprinter , 1996",6485$,https://i.cars.kg/preview/r/se7PFeRY3ztxr68vC8vGHQ/1080x-/20210919/16cd016060ce46f8ec75eb8d5cb776d1.jpg
"Mercedes-Benz GLE-Класс , 2021",118500$,https://i.cars.kg/preview/r/SYMdnzjWCBWglsbE9yYGDg/1080x-/20210918/3ab39352109df38d3d42f965d8061bd8.jpg
"Mercedes-Benz C-Класс W203/S203/CL203 Универсал 5-дв. , 2002",5999$,https://i.cars.kg/preview/r/Ao_x5knIrvr_J2rD2SbGwA/1080x-/20210918/6f7b57c8b1f0da26ac6cd55fe0f9f2ee.jpg
"Mercedes-Benz E-Класс W210/S210 [рестайлинг] Седан , 2001",7200$,https://i.cars.kg/preview/r/0iZZ9yuoi3JYxtzuHO8fqQ/1080x-/20210917/8dd2be046d7f3ab7b0ae62bdbe79e9a5.jpg
"Mercedes-Benz E-Класс W124 Универсал , 1987",1886$,https://i.cars.kg/preview/r/3WnzhZTaWOyE3GA9iCy9RA/1080x-/20210917/67302f1f624b84f59617b8fe37d8ff19.jpg
"Mercedes-Benz S-Класс W220 Седан , 2000",5200$,https://i.cars.kg/preview/r/T0CMKP4P1NIVHYmsHxmwZg/1080x-/20210917/6462f900aed154a30b6dfb8230c9fa23.jpg
"Mercedes-Benz E-Класс W212/S212/C207/A207 [рестайлинг] Седан 4-дв. , 2014",24900$,https://i.cars.kg/preview/r/I9nGtWaMBuXXcBW60SQPEA/1080x-/20210917/1603a31a9ff6976fa5e8506e21a2aaf1.jpg
"Mercedes-Benz CLS-Класс C218/X218 [рестайлинг] Седан 4-дв. , 2017",56600$,https://i.cars.kg/preview/r/IqT_JkicKibeH1q2VxMYnQ/1080x-/20210917/64a8eecb4dd2a87d2d0d60ae325793a6.jpg
"Mercedes-Benz E-Класс W211/S211 Седан , 2013",18000$,https://i.cars.kg/preview/r/xto8xgChltmVAA8_j03YFA/1080x-/20210916/9259aace682e9b91283eaf5f348b2690.jpg
"Mercedes-Benz M-Класс W163 Кроссовер , 2001",4700$,https://i.cars.kg/preview/r/5UZi95iNaM7NQ0VV_LuXsg/1080x-/20210916/f77e61eb77e13e84548e08f91c26b842.jpg
"Mercedes-Benz GLA-Класс , 2017",35000$,https://i.cars.kg/preview/r/-FRdHcVaw0qPCIJcUCoW-g/1080x-/20210914/ba9b0e314f75946ea0191cffc81476e8.jpg
"Mercedes-Benz E-Класс W211/S211 Седан , 2003",7500$,https://i.cars.kg/preview/r/c4kT6MUsG6Cuwk7ceUftJA/1080x-/20210913/cacca515465f9912bdd4b54564f25fa3.jpg
"Mercedes-Benz E-Класс W211/S211 [рестайлинг] Седан 4-дв. , 2007",9000$,https://i.cars.kg/preview/r/dppTPOU1wQMWu0-MoDN-dQ/1080x-/20210913/4f51945fcf66fc6bf5824d7843007895.jpeg
"Mercedes-Benz E-Класс W210/S210 [рестайлинг] Седан , 2000",6400$,https://i.cars.kg/preview/r/stBvFcDFr2kRXqnDPfrbvw/1080x-/20210913/5445269a8f5b49f1785189be97c51682.jpeg
"Mercedes-Benz GLE-Класс , 2021",86500$,https://i.cars.kg/preview/r/3b08kXZ-mOriAxHElsPdPw/1080x-/20210913/7a98ee5f2f56676fdfd7bc1dbabc5e88.jpg
"Mercedes-Benz Sprinter , 2011",13000$,https://i.cars.kg/preview/r/j0gv3ZYsTJSfBVI9inB-Aw/1080x-/20210911/8f65b144df488a2f861004336a2b6492.jpg
"Mercedes-Benz S-Класс W221 Седан , 2006",10800$,https://i.cars.kg/preview/r/4W3ovBgaP9-7_P2lXsT09A/1080x-/20210911/7a6816708f1a00144a6fa5d6bd0e17d2.jpg
"Mercedes-Benz E-Класс W211/S211 Седан , 2003",7000$,https://i.cars.kg/preview/r/qqAysTHOptO0yhh4cTiiHA/1080x-/20210910/7d0b9229233587b415581d80a83e9d2b.jpg
"Mercedes-Benz S-Класс W222 / C217 AMG седан 4-дв. , 2016",80000$,https://i.cars.kg/preview/r/Gqs3NlOodlHBPek3uzTdpg/1080x-/20210910/13be789fb1cad8c7ff413ebe67c8d6f8.jpg
"Mercedes-Benz Sprinter W906 Борт 2-дв. , 2001",10850$,https://i.cars.kg/preview/r/aZ0U1gnvIZIxNXOaw101xA/1080x-/20210910/ae5946ab966c611f3fef970304e40a92.jpg
"Mercedes-Benz S-Класс W140/C140 [рестайлинг] Седан , 1995",4000$,https://i.cars.kg/preview/r/C9w1vkKY61F1JNG_8xdrhg/1080x-/20210910/e067ae465d16640ad94ee7aff538fdd3.jpg
"Mercedes-Benz C-Класс W202/S202 Седан , 1995",3000$,https://i.cars.kg/preview/r/USFGqetFm_NnnKrECZQoqg/1080x-/20210909/e791de36f8797d9648e5f2c05548e8de.jpg
"Mercedes-Benz s450, 2018",79900$,https://i.cars.kg/preview/r/8UpUI7oVWuEiiLm_KqssGQ/1080x-/20210909/baf1d4a7b11a18f002d6bfbbe1359f57.jpg
"Mercedes-Benz G-Класс W463 [рестайлинг] Внедорожник 5-дв. , 2005",28500$,https://i.cars.kg/preview/r/UCcr4Cqb7zM7i7BKffjPJA/1080x-/20210908/b417990363f424bceac024ce9e0b448d.jpg
"Mercedes-Benz Sprinter , 2006",11500$,https://i.cars.kg/preview/r/XILi132FvIpUnioI1QzWpw/1080x-/20210908/00f40cc0d2755bc7d9fcf1913dafec3b.jpg
"Mercedes-Benz C-Класс W202/S202 Седан , 1995",4000$,https://i.cars.kg/preview/r/c926w6WSVcx8y8VgjMIcyA/1080x-/20210908/104ff21c70c15200b676b93788fd79f2.jpg
"Mercedes-Benz S-Класс A217 , 2017",98000$,https://i.cars.kg/preview/r/oSyEXmKEVCldVZo7SHafPg/1080x-/20210907/f8f858b91b606df64de465773b247a66.jpg
"Mercedes-Benz , 1994",3400$,https://i.cars.kg/preview/r/ky_XyMeJsl-GYiz38by6Dw/1080x-/20210907/8737ed0c158e6703fb2e01a848524c73.jpg
"Mercedes-Benz е300, 2018",40000$,https://i.cars.kg/preview/r/sq1esc70Uay2KibF8EtY9Q/1080x-/20210906/9bfe2be3f093f34b0c81a2df3463eddd.jpg
"Mercedes-Benz G-Класс W463 [2-й рестайлинг] Внедорожник 5-дв. , 2013",54800$,https://i.cars.kg/preview/r/ldGnENjGrgSt11Y_icUGSg/1080x-/20210906/7bef6596de65fc0976db2fe7fcfd1ce3.jpg
"Mercedes-Benz E-Класс W211/S211 Седан , 2003",6000$,https://i.cars.kg/preview/r/VX5HRjZoJp_79iyU4KJvDQ/1080x-/20210903/4d57bdb6caf040c1a3d2dd998cbe529d.jpg
"Mercedes-Benz E-Класс W210/S210 [рестайлинг] Седан , 2000",9500$,https://i.cars.kg/preview/r/N1Gmzvw5q1ZUrcV6mKFtVQ/1080x-/20210902/e85d9b793abc431b386b198747a95119.jpg
"Mercedes-Benz Sprinter W906 Фургон , 2009",8500$,https://i.cars.kg/preview/r/aO4wkBSynrO19CwBC0vFoQ/1080x-/20210901/faed2c74cdf67114512ebcd11f7c0229.jpeg
"Mercedes-Benz S-Класс W220 , 2002",4500$,https://i.cars.kg/preview/r/unqn_K3J-5HWtYq64lN71Q/1080x-/20210831/1819537b7d2f7a7337cbb7091ce644c1.jpg
"Mercedes-Benz S-Класс W221 Седан , 2008",13990$,https://i.cars.kg/preview/r/8JlEa_WKBCA1noHccy4v2w/1080x-/20210831/846b23913807c1a24cb221fce1f11714.jpg
"Mercedes-Benz E-Класс W124 [рестайлинг] Универсал , 1993",2500$,https://i.cars.kg/preview/r/bbGfz-e6yKH53u_0kuakew/1080x-/20210830/62578561d6606c06090279b044d30010.jpg
"Mercedes-Benz S-Класс W221 [рестайлинг] Седан 4-дв. , 2012",18500$,"data:image/png;base64,iVBORw0KGgoAAAANSUhEUgAAAVEAAACWCAMAAABQMkvIAAAAk1BMVEUiHx/////u7u7t7e3w8PAAAADz8/P6+vr39/f4+PgeGxv8/PwPCQnl5eXp6ena2toyMDAZFRU4NjYJAAAVEREbGBjU1NSQj49EQkKsq6u6ubnGxcXf39+ko6N+fX2Eg4OZmJhcWlorKChLSUmysbFXVVVFQ0MnJCRqaWk8Ojp0c3OJiIi+vr7Nzc1aWFiAf39mZGSbULFuAAAaLElEQVR4nO1dCXeyOhMWSAIGEDGAG+5a69b6/3/dl4191Vrtez/n3HPumzrG8JBklsxMOoogU1M5Idk2RFvTZRuIjzXZVH7G3r2PvSvbqJwdyKZ+H7vxM3ZTtjtvRN+IvhF9I/pG9I3oX0ZUuw2ie9kLiGqt2GOIytkrEW3HbtSyVyOq5RA1JQFBSBFNQ7Z10VSQbCv17N0ce0PvLdm797EbD2FXcux6Q+8dTVDyBgQlb0BQ9AZy7GY7dvUx7EaOXZXtHDt6DDtox67n2DvqbbvEjZtKrnczx25oP2KXe4v6I/a2sqAlu/pG9I3oG9E3om9EH4Joo3KWRVTLPbMaP0QrRB/Gzj/X8ojmnzkR3mUQ/ZQ9p1OrHSRJF9SVTUO2jezHepad6V+l7N1S9sre27NTLbAbNfPs+m29/xJ7ZDMpLbWtFDtAmjP+3h0GjPqCBpL67dq3s4++FpMeQEDNDaZMp05spsLYy9jzSvKd7Hfb9chwlhsCPR8/l1wLwtFiigzwb9j1rREF0yu0/M5ryPfg+hSg6Bn/E4hedtB9EZyCsGWtJv8dRIMdfNX0TJEL+2P9P4GodiSvnZ8xYdhf6n8V0fayfuZar0YyIUz2s27kVPojst64iRRnB/GrYcwQJuslMG97il+lG/2js7+y4FOESX/MB/cgh+cz/aPaCr4avlLC8HBW/phd3wrR6d57NXZV5MOVEzsd/hlEh39sB82SC489BP4hRBXj874Vf5uN2eabVb9kdZaAD/efQBSF/fY6kx89NHv+df8mSnqp/OIee7DUAsZwcGY+lBcj2kbWq8YZtzOSfItYnc1GQIoPhm3bPUaRx0u0bCDbqmxHHrLemUQ9ka2iG/JjNcNuh2EwGW584hWmq08+HaRWCe8nnYW28P6ZyrjVFkrh3JzOoa4chQSzhtEZdty7bEeOT3kAb0a/plzirYWM9Wp2g47Jnhw7RWPY85a6WfEsFW7V21zCjeytYkqWbbZQzxotA6FkSZWABDnvUHNMSZBCFNXHlAD6UNsPUsAUbi5SQj00pqT1KUcbu/7UAlAPfk4RAhyimVi67grdHPeUQbRN3NN0U1g+Pvy2UQV7ejCv85TMmwH1yTVAKILo4Mez7NcRVZTJuiAzrf2ESai/iajZBlB4mMqFxiCSqOB9DzwDUQXNC9MUw086Tf8koqrZDKjrLRVTTSCai23U+zZuj3a8B1FF2RY1Ec8bI72C/ZWIAuNI8mMtTNCNndkkuvLp4LR4EvRLiKLLumAfY7KyX4pouX8UfTfNUN+aJexcOduKr/gboBV8jAlE5bpcTtaDHHs3zx71DuxdcaB0mspnzrO3UMHvZ+9URUeytrJsmqHWYGrE7PQLBjB2kVxSkthLUNY7Z8+GaqJpDAzcKpXsUVBr0rtiLooqM4bX0Chlz8SRNvdeFnZaYI/iSGut0EnTDGXeiewSABcpeT1QsmLy/ra8LgcyiLYN6hFm5bbEMPXcMQJ5K7R1TEk79lvs+qDBlMdkJvtJIEIL8SXvmH7mykCm3B50I6JZQ93pF52NmHyG6M94StROvS3v4kvJM+/F4oOXVoj+bI7mIALXkjXl7bfKH0HU3NX7l72RXRR8XblR+COzFaKPnKO0vbSK/gcM58bfQLTB9iQ7Qykiql/FORRZKq0QfegcNVXjXFSj6GAOwR9A1JzWAwqPuRcgKJRbL+y9AlFNRfaqRD3x4VB9HqLl2pbaW9f67ySghWyO2Eki2/LjtrkiBUSz7C0cngAMy+JdLHcRUl28wF5UwX/uH1Wyzx7xH2vlPFwYaln3oC/l0gSUasm/peFnZkUwKBMAFtxMUBn7k6IdL7VrHn5HyzlntMophvs2yKyYX7ZCc1ovKD8E9+H+eGZdAFC60f2uXX+oU5zgnC44bh8kz8zbKHbeR9ZONKrYPJG/FtlK0aj4txFQnBSiBorZpZs8Yo9d/tHXpVc9auuz8uGzA6rdcuoAg/YAoq8/BdFt3RR1j5lNRZxT8JYTKaOBHTIKAlsQ/RcnRzSdy1TQRf6dt8/n82UcbzbeabrdTgRtx4K28p8zSfLPs6GkpaTh8lo5I1yLuIPNcTieOnr8en8dUb12inZG/XVCHYuTxymSZp74IyFQEpEEGyglqOl8yn89/qcV9U/SzRTV2ybY9ywCiXVYzYfbaRBqXSM6f/glRBvs+Van5/8CYZciSyzc33wOZ+fQ+A1EhTT++nvhYr9KYs5aHboZTAIN0V2WbusPzAZX7L8ZL/brxICF0FvvFrOpIxB7TDY4Gjf67f/TRIElEI8+T9tLj+2v8SpuqeGrhTltfP/ZELwnEk/zcT++xxdUImmUm+x6g3k7/BIB+g/TvauOTley3p3ObFNV70eUCiZ/FGg85ih0BPUkOdm2LZuhbN/Jbv8yuzb5gU6CfTpbP4aOKk7Q70QUTqPvlRs/8eYim93b2I2fsZvl7HnLLM2++OFORlH9mPEA1QchGjt11dwzq6UPkfiA27FXQPRA9p8iykAl+GSjtohqhVXvdHnmgybtSCQzIWSzJ5tAtjXZrmC3ZRO9iL27fUhGG7Y6y0K8b4tscHPFJFOTvfhv0aP0QQxHF+X2bPDV/5nJdBP5cAjArf7RN6K1RFYauNFT8ka0nqyDg96IPpTcvoPeiD6U3LUD3og+lLyPXt5BXRft+Ea0maxrjGhe1hfTmd+ItiG4rEhBL/GPGtc3oi3ImqLW/tHPN6ItyD8wtbTZU6LQVf9GtBXBpdGI6GS1Wu2+Vv3m3oqEfdfzPP9fOxvFLh22e58fBTugAVF97bmu7/Puyz0l5T2zcxnY2VyPx+PuYEFoFVNg/yDxUfuj1efncTVyISTerbhac6MJ0X6MhL+xTe5RAdIfzvJKzWlJty6xdoutE6m1hm5PZ8cRLOZr/inyCdwsZhdNp8KZK5K6s/3ekBursEA6SWujHc0E0djjnA0HGOYi9rBlfY1DgECqEBBLgdXs2Y6UxBv/DcIW2Y17PKIsfbhpas54Z5EbRm0tjPpscDWF6ERqW3qcgM001ewpKStgRaE2i85COlXN4LS/ZXRPI0w6C4ePOJ/ebdLZ2psd2tdbw2vNrM0G7yWI4sFZxHiF0g/OG7PMoiD9cS8+Xyo6tAHqLft/7+Tf2s9sfgRXld5tTkatC7KwsOGabHCQQpS+SXksmwnWSnXmWcteEjFYeuhCMZ15f+vs34UnIx/KXsjO0MbFdOiK7na1npIMok0Er076YJBuGoYBkvqVcci79vmXKvCQTagU09YAYqEjauJMQnZJBl8pwd6DEPXJLHN4bTrb4fH69fV1nS8njpkRaJM/U8YMw6GoUSEWkK5QtWRxXK2+VsfTeBrl5bKxg/KkkyKR7WMQ9QaOAJQjqk0+O5BYVJelxGKxOtdJiFCsItibv1G60O9IBUZjeNqTY58poZ4YNYHu18yOEFUrkk4K5B0fgqi1AdHKMZTg2IE5jR570Oc1NqTSZZTlwj2d3HWkNGvACL7X+VEzzXo1jRBVAVi0GDXumzX+UbUlotZVke5UgKa7wsAEefBjksRgNiaV/z55hwhQBV2uFaN2YX8SB91lCt54sUWFfUGYHd93YEiFctY/KsMyWNxotxWi1k5DPEWaKm+fNbWHfbgK49jLl0PqHlQ5GKP3bVXvkRhuLiK3QEFGknboHbUovqIn9U/NtqnBQ8aUm32hNBtcb4Oot+sBKSe3NSPjrFDKL8r++dq91F+rQgEBRkmlmCwrPOlSXzFO0V5KzDhAKVayAOgecGd9OAyuhtJo19cMjacqMfZjs4YBV7xOEGXvbl4p8bHniGdmKXmNoyYfPYEoQNFEgN1CnBpF1KCIsqwEGP4AUe8iIUKbVrKw7yDRu/ZKhxQ8S4jUVkLS9S/yBfRGYvv0rmEUWxnKbdZ2nEWE9w8QhTORwI3UkvIApYPbB0j0fn7dVmotxDIGvV27zQczTxGDCEVVG1zilZBk/wGi3lVsjMA+5ABlMdY8ZCvvZfT3dJbybXf+qq3UP8iNEXzlhsB9pIys3J6EramAyGhT4e5+RLHfE4BqH1knFPF2w7PT03qX7WLnZV1Obj8UEZ66+6J1L+tRKCgrHrFFNt/jqWNrznm5wlmXE90bxfambppdUVlEy/2jFd9cCj0UZTKbMVwvIxOO2vaqs+xndn/vS8bMjl+z7mXJlFxBRUzwKdASex5MPjKY+gebezxBQ6EBRgLRyD96g4aP+1KPzaSNWlQpjlOkpe9pMkhDLl+Eqo1e4tj3HQlNWpR6nWEUiK1La0W5bDLP9Sk/vzZKDHgBpdGOjVYomYnSglonxQfnSKgS3BSLvHm9TC074gi3yksmqbUwxU6VTnYlXw5K5y7Tuap1FXOWnqZQ3lsybdz/KaJ32fW4L0sLptY8tkSlGmMSiMNrczlhXSNjm9KW3B0HHIAb3IUPI2Jz9cQYpqYoHNLVTrei4CIQ1WYzGzHvedBPRBReC386aIyxuRdR64S46yOpKtDBrtj06R6044iaDoSjM9um0XSf9Ea2wqGzfL64l94h4KQWFrflALrs4NpkiALHg/0Zn7O9FKRwKXfYxkJidyLKT/6UTKAZ4ZpzsIE+m8DMe0d/3YebkE4LNE1mqf8hJqnz/I2UTDmixiJ5mVypRs4Kuh2ocUTpwsbwMBWQxmPEew6yqjVK7PsQdb8Qd3g6yeqBM7ZvDpm7BO9tjiifha41prxom+I880lqPj1IDa+FC9lOALW+6QxFS5cJHMhrViE+C30xJ51EEEFeylBDTWmdVnAXotZMIJoo6t4n292HYk1IRE/8UwzZtmocU6w8oqX79CReZi4hjQIY/7D/QZVMJGt9Q4cjKocljNVZvMj9EUc0qyUUic+m0mzw+tltOcxfpRjx+8IdmyE6EQo97ZV9zBcXJkuWnYXSryhk3zaenmjOzEn6yyjR0/lzoAvmq4UianaBIfCGC+6WM3bxQmIfU2QaSjX5G/ZsZdngtRo+HuS3aTjjKdLozM5IcYcryvo33ZEsL7ovLVGXhCpiaocnS3sc8tqOYbJajkJrCgdsljJNEomiFxZcioJQKdFLhTFXNOvjP60TR6Yk2tGse1xvzgcSlcthylRX6nL23LK8PldFu2cIO6deXPUmfrni62by9eeQvxPrcRavWypf5diWHcuFIa8HZBPozYWWxdhjAP2NEMaz2mUPeRG50ti8OrlBRMFZbRRhZA0VedYNULDYiFMxHU3GYark5ymaG0xCMESfrD95c4Mj+hm9SHfVjZNWw+FmxoJBmLqy7aWKUKXcZCFXwWvLX+G+Uolo3eOKF6EEyR5jK3H0AEsPtoe7wWro6Mw7FSOaDIXpKYoJJs9FlJp5fDDxqJlmHAljgAw9pKPenZhdzqM46J+ArhjxpgunHFFUh6isuliKaFDzRSIWS/z6xJuJaowbysyyfN+13BkSK4cCTJdTsm9yB5AJgueuenLmiGrxg9F9NV24cNuxfOxaZMgRBYhOW3bvRLxYpeFt7uv2Q60aUaVT+cXIJIt3FO7RMQPVELYS1UZcSKCLIYMUmCdiMWGE4uXGQoQoovYPIbqRiNAU46lCxbKqKqJ2lqmhKcSYjtqjZilPHl96FmRiZhatJCaaGG+NS88SAqYiG3xRuSaFapaKdySsxvgCDoY2V6BdbO0cPdx5mM4CFLAjEyYCUZafqgb1isijyQs5orGC4h0NpouuTzYfzMh3+xPQOxK2qek86MHf0XHGHjyqcnNEa4S9Jb1Opdng5qVSpvk7HqGbZP7TGWgaB59dL2ka+gz6Gz1YBt2RT2Zm4Lt89Ireje0mii8LLGz0wT6WsGYg1E1WlrXUkf7pYYv+wzToFO33guWUAmZ9KxqvCYkHhmnG5fvcL5Mhk0i2AtENoyYbXEWVs5uqIdzXPI8RZRcI8LNAeDSVo0emF7p+nC2hepJw7bpfdFdP3vY34sGvg2ciivfcEZZoGHyl8AnHLkaYEfr6LQK3U+KPdDGR8QGoIIjegL/hyKBKRP0ByFY1zWUxosoShP5OXHiWRhSAD/4C6HS9epZDvwsnF0inZki4dc9WzCVB1OBhUi0OGR5HQmdDub1HwEM3zKUFpyHskEXg+Ydur8+sP46oE/FzROm4KxGFl64aqbFliAJQ5WYvInpGoMcnHKZifM7CSUdwpA8tpqdqR8/iszLRDSJEn+wi1avmKHODjNmCusK+MybuytD1YYdgd6dTRDNztAZRKtEaMm0rJymzHtjnydseS0Qt68zNOHwBAbj4/GBWMYJvC7LbhFL7KHoBor7BEU1k91Ai6lpDpND5SQcfauEakyUrX6ot93BJEY1XlnsViFZIJq8+IlcV/rbyt4FFhhlK9vghUo2d58EjUxOMERX289kRYm/DBR8wwiGzN+I3YC05ouZzZT0XxCjxK3rs8OibWp9fgQH4aQQ8jhfYZ6EyolDezGbaQMw/F8GRu9Kl6x5AM6JGWKFAYR6dg2I9hC4TNqOPwpQyLx2v41lex1rbUjkDPNoxfrlwyxHVnutzZt46djVHrI8yJXBKdhPAT0XQgXQ84lEd/5wuQWDEGo21ZIgCtdTj4fu20iYbvOJ4DQZM2IOkLLBH34Emi7QrBnKuPADiUxoQsrvuOrGZAOvdea6DFIqAUDv+VYsanCA0mIDmIQoLi9WN3V0MkCrlgmJpwqwUdkpctnDdfSjYm7LBzWvpLIVnloHTtWN7DE7pH7ryS11TMe3z9myb5sXR4zzpVFV9AhivOXkuolQ74mlD8e5tzVKjZvk2vcn4HOpmcOnGo9bD5I7NQOd/KLteo++U5oMXs8GBfSjbhrmUpO831n6EGaoJPba3nPfEXF1CuBnHNavjs26fb68myueY/TJRG4kXuI/PNfCgGxe4R9rscyqqDQcQjmaa8I+aiUGA6fbK2EtituAmbJ0NDsJ9yWbHpJ6SNis7Xi/y5mlDj0Bu3iImFX34EcitJPHdLsVDPDl3nwlUhmjKTz6JX/e4Q6wPUbaNqlc+WU+E38yIZ7S7Ese/hXngw2EXRM4/iWipp0S6kIOSRAm8F99L/HPUcJPsIxJd04AQd9u4UBzjf8cjIfwY2mw4X3g8WQFHVEtlvMpHNa4Qd3BfZGdwPy6GC36UlkgS7gykH+dEvQ8PwW33iqCwJDhUOEjVVBQD8y5o7FoB9nvClYLkJPRJT0l7B/FBiMIWQUSPJeaOYz+dqOhQbF89GUgUghhRFuRIVYBeUu6bhNyHDzKAenDE5sttN7WA3rwQYc+VY0XLnCqa7AhVXBqO+2aCqCu8oYkBJr6c8uk/i6iSxxFNdkLscwepDCvzHSBXPQOUTkmQso/cqzj+ncAoYJRl6XxO+ey48e4bwMIasksfHziiIEycqOSoqDxumNnDa4EoHQ+GPLVNSd3jGN2FM0jedsk96n5Mbkxx9CvLopT/JzmK6w2W1dt3RLnS5Je9nSkgxQmiTBaR9dlg0TzJMuJRBhTR5XE+nx8ZLWbTyGF9x93glytOSg/TR+HzjuqUKScqoYaTBsDMs7B/EKv+BEln2UvNAkaRV/YCrbiIPrtNXVxSMBgcBH2MJO2uK0673Scj/izD4XDxvaD/LZfRlQ3R3Q3bs7jbYTyenM/nyfRyuQSOEwYXRrbQvVPmNRFRd+c19HEn5PvoGVru0EaaaiS3RrCTfTWlaApnXSoVViuX9dV3g3ephrk8SVp8f8/HXeZGNdMR9fCkmLpJ7eEBvHb57d293ZLamshIv+uOF4icaa3X4xkXrDJoj1Xfl1phpAhGg4/uZky3mZsyaspBRu2uoKgddyfLrfPfTvuAyCdgyeDGeAP74uZxdTUP+ZOk7RtqHjz6bnCQXIZisLr7Mi1xlvpVchSmhhYE6aIdhv2ZZhqibO+6vOil/uKJ+rvBi+z5ZOQMO0rHg1kbGcpuh4IdUJuZPcgpJZG9a23vP7kbnFHmQq10Jo014L4mFWRK9Zz7KRHk9w2Q7b3yNqEMRPfeJlRAVHSWDsx28ThOo5Hs9PU66XtcsWXX9v6Du8GLzxymC2b48NNRzIy661wzYeN0A257P9MvIgrslFjsYLI5p9npHA2z+g0c1/f+UERztw15cDV22K5gsG/3xruslgCX7W+8+kVEqSWSec8+3MxC8Tkdeji+koxmFweNPwdRZZjV1F0C+6v5abGYX9cwl09P5tUQPRVRLX+nj0/gfjUfnk7z6yA/am+jNvT+YESVY974wUJzLGTYkFUNRE9GNCNTo1Ez1bAwam9gg4be77sbvORuv+jz5nvtOcHPst4rbw7MDua+mwNjnTpVMiliH7erlmGNbNDUe9Pd4FW3d+fuykkV9V+2GRw8orre83eDNwym5e3dNexUgW9xiACvLDm+ovequ8Ej9tq7wZWitpVaAudOUwyTS2ZCb2p7N7gcjFrBXns3eLvLvo1Lv8m14MNhzJ7aWx5xNzh/5twukd5UtFXtNMVwZ6Ns7y0han0F7m0vQJzm2sf6EllkcMn0/sC7wRsRVZRJvxJTDPfjmyF6AqIqMC6bSkyx5Q2NbO/PRVQxqEFf5pV3YX9m3A7RMxBl7Oe8Y02ud7L/Llx3/2RETdTbriBM1x3FvgfJ6mzcA9GzEFWUy9HLj5owld8Av3fbeitEdQ0gI9weN/s4v36/OW5D5T6Inoco/XS62KwpjNypanU+juMAoZISrQ+6G7zy9u4cOz8LBSzWOrxcJpPJ+XwJNZTcoCTZ294N3sDe4m7wtNbbwE41Q/synYy3k+mFpTuYapb9wXeDN2n4OXZ+7zJ9xRWj+TMafhm70CTVSpW9ovcb7wZvtEJ/xv4qK7SW/XfvBn8j+kb0jegb0Tei9yHa5AeoOluruJiw6SjuRvafnNw1s+fdN20RzWm9hbvBo9riOV9V/gbsCvbuY9mlI617H7u8vdt8LLvewP4IDb+Z/U9q+E3sd2r4/wPEj6+jU9JrbwAAAABJRU5ErkJggg=="
"Mercedes-Benz S-Класс W221 Седан , 2006",10500$,"data:image/png;base64,iVBORw0KGgoAAAANSUhEUgAAAVEAAACWCAMAAABQMkvIAAAAk1BMVEUiHx/////u7u7t7e3w8PAAAADz8/P6+vr39/f4+PgeGxv8/PwPCQnl5eXp6ena2toyMDAZFRU4NjYJAAAVEREbGBjU1NSQj49EQkKsq6u6ubnGxcXf39+ko6N+fX2Eg4OZmJhcWlorKChLSUmysbFXVVVFQ0MnJCRqaWk8Ojp0c3OJiIi+vr7Nzc1aWFiAf39mZGSbULFuAAAaLElEQVR4nO1dCXeyOhMWSAIGEDGAG+5a69b6/3/dl4191Vrtez/n3HPumzrG8JBklsxMOoogU1M5Idk2RFvTZRuIjzXZVH7G3r2PvSvbqJwdyKZ+H7vxM3ZTtjtvRN+IvhF9I/pG9I3oX0ZUuw2ie9kLiGqt2GOIytkrEW3HbtSyVyOq5RA1JQFBSBFNQ7Z10VSQbCv17N0ce0PvLdm797EbD2FXcux6Q+8dTVDyBgQlb0BQ9AZy7GY7dvUx7EaOXZXtHDt6DDtox67n2DvqbbvEjZtKrnczx25oP2KXe4v6I/a2sqAlu/pG9I3oG9E3om9EH4Joo3KWRVTLPbMaP0QrRB/Gzj/X8ojmnzkR3mUQ/ZQ9p1OrHSRJF9SVTUO2jezHepad6V+l7N1S9sre27NTLbAbNfPs+m29/xJ7ZDMpLbWtFDtAmjP+3h0GjPqCBpL67dq3s4++FpMeQEDNDaZMp05spsLYy9jzSvKd7Hfb9chwlhsCPR8/l1wLwtFiigzwb9j1rREF0yu0/M5ryPfg+hSg6Bn/E4hedtB9EZyCsGWtJv8dRIMdfNX0TJEL+2P9P4GodiSvnZ8xYdhf6n8V0fayfuZar0YyIUz2s27kVPojst64iRRnB/GrYcwQJuslMG97il+lG/2js7+y4FOESX/MB/cgh+cz/aPaCr4avlLC8HBW/phd3wrR6d57NXZV5MOVEzsd/hlEh39sB82SC489BP4hRBXj874Vf5uN2eabVb9kdZaAD/efQBSF/fY6kx89NHv+df8mSnqp/OIee7DUAsZwcGY+lBcj2kbWq8YZtzOSfItYnc1GQIoPhm3bPUaRx0u0bCDbqmxHHrLemUQ9ka2iG/JjNcNuh2EwGW584hWmq08+HaRWCe8nnYW28P6ZyrjVFkrh3JzOoa4chQSzhtEZdty7bEeOT3kAb0a/plzirYWM9Wp2g47Jnhw7RWPY85a6WfEsFW7V21zCjeytYkqWbbZQzxotA6FkSZWABDnvUHNMSZBCFNXHlAD6UNsPUsAUbi5SQj00pqT1KUcbu/7UAlAPfk4RAhyimVi67grdHPeUQbRN3NN0U1g+Pvy2UQV7ejCv85TMmwH1yTVAKILo4Mez7NcRVZTJuiAzrf2ESai/iajZBlB4mMqFxiCSqOB9DzwDUQXNC9MUw086Tf8koqrZDKjrLRVTTSCai23U+zZuj3a8B1FF2RY1Ec8bI72C/ZWIAuNI8mMtTNCNndkkuvLp4LR4EvRLiKLLumAfY7KyX4pouX8UfTfNUN+aJexcOduKr/gboBV8jAlE5bpcTtaDHHs3zx71DuxdcaB0mspnzrO3UMHvZ+9URUeytrJsmqHWYGrE7PQLBjB2kVxSkthLUNY7Z8+GaqJpDAzcKpXsUVBr0rtiLooqM4bX0Chlz8SRNvdeFnZaYI/iSGut0EnTDGXeiewSABcpeT1QsmLy/ra8LgcyiLYN6hFm5bbEMPXcMQJ5K7R1TEk79lvs+qDBlMdkJvtJIEIL8SXvmH7mykCm3B50I6JZQ93pF52NmHyG6M94StROvS3v4kvJM+/F4oOXVoj+bI7mIALXkjXl7bfKH0HU3NX7l72RXRR8XblR+COzFaKPnKO0vbSK/gcM58bfQLTB9iQ7Qykiql/FORRZKq0QfegcNVXjXFSj6GAOwR9A1JzWAwqPuRcgKJRbL+y9AlFNRfaqRD3x4VB9HqLl2pbaW9f67ySghWyO2Eki2/LjtrkiBUSz7C0cngAMy+JdLHcRUl28wF5UwX/uH1Wyzx7xH2vlPFwYaln3oC/l0gSUasm/peFnZkUwKBMAFtxMUBn7k6IdL7VrHn5HyzlntMophvs2yKyYX7ZCc1ovKD8E9+H+eGZdAFC60f2uXX+oU5zgnC44bh8kz8zbKHbeR9ZONKrYPJG/FtlK0aj4txFQnBSiBorZpZs8Yo9d/tHXpVc9auuz8uGzA6rdcuoAg/YAoq8/BdFt3RR1j5lNRZxT8JYTKaOBHTIKAlsQ/RcnRzSdy1TQRf6dt8/n82UcbzbeabrdTgRtx4K28p8zSfLPs6GkpaTh8lo5I1yLuIPNcTieOnr8en8dUb12inZG/XVCHYuTxymSZp74IyFQEpEEGyglqOl8yn89/qcV9U/SzRTV2ybY9ywCiXVYzYfbaRBqXSM6f/glRBvs+Van5/8CYZciSyzc33wOZ+fQ+A1EhTT++nvhYr9KYs5aHboZTAIN0V2WbusPzAZX7L8ZL/brxICF0FvvFrOpIxB7TDY4Gjf67f/TRIElEI8+T9tLj+2v8SpuqeGrhTltfP/ZELwnEk/zcT++xxdUImmUm+x6g3k7/BIB+g/TvauOTley3p3ObFNV70eUCiZ/FGg85ih0BPUkOdm2LZuhbN/Jbv8yuzb5gU6CfTpbP4aOKk7Q70QUTqPvlRs/8eYim93b2I2fsZvl7HnLLM2++OFORlH9mPEA1QchGjt11dwzq6UPkfiA27FXQPRA9p8iykAl+GSjtohqhVXvdHnmgybtSCQzIWSzJ5tAtjXZrmC3ZRO9iL27fUhGG7Y6y0K8b4tscHPFJFOTvfhv0aP0QQxHF+X2bPDV/5nJdBP5cAjArf7RN6K1RFYauNFT8ka0nqyDg96IPpTcvoPeiD6U3LUD3og+lLyPXt5BXRft+Ea0maxrjGhe1hfTmd+ItiG4rEhBL/GPGtc3oi3ImqLW/tHPN6ItyD8wtbTZU6LQVf9GtBXBpdGI6GS1Wu2+Vv3m3oqEfdfzPP9fOxvFLh22e58fBTugAVF97bmu7/Puyz0l5T2zcxnY2VyPx+PuYEFoFVNg/yDxUfuj1efncTVyISTerbhac6MJ0X6MhL+xTe5RAdIfzvJKzWlJty6xdoutE6m1hm5PZ8cRLOZr/inyCdwsZhdNp8KZK5K6s/3ekBursEA6SWujHc0E0djjnA0HGOYi9rBlfY1DgECqEBBLgdXs2Y6UxBv/DcIW2Y17PKIsfbhpas54Z5EbRm0tjPpscDWF6ERqW3qcgM001ewpKStgRaE2i85COlXN4LS/ZXRPI0w6C4ePOJ/ebdLZ2psd2tdbw2vNrM0G7yWI4sFZxHiF0g/OG7PMoiD9cS8+Xyo6tAHqLft/7+Tf2s9sfgRXld5tTkatC7KwsOGabHCQQpS+SXksmwnWSnXmWcteEjFYeuhCMZ15f+vs34UnIx/KXsjO0MbFdOiK7na1npIMok0Er076YJBuGoYBkvqVcci79vmXKvCQTagU09YAYqEjauJMQnZJBl8pwd6DEPXJLHN4bTrb4fH69fV1nS8njpkRaJM/U8YMw6GoUSEWkK5QtWRxXK2+VsfTeBrl5bKxg/KkkyKR7WMQ9QaOAJQjqk0+O5BYVJelxGKxOtdJiFCsItibv1G60O9IBUZjeNqTY58poZ4YNYHu18yOEFUrkk4K5B0fgqi1AdHKMZTg2IE5jR570Oc1NqTSZZTlwj2d3HWkNGvACL7X+VEzzXo1jRBVAVi0GDXumzX+UbUlotZVke5UgKa7wsAEefBjksRgNiaV/z55hwhQBV2uFaN2YX8SB91lCt54sUWFfUGYHd93YEiFctY/KsMyWNxotxWi1k5DPEWaKm+fNbWHfbgK49jLl0PqHlQ5GKP3bVXvkRhuLiK3QEFGknboHbUovqIn9U/NtqnBQ8aUm32hNBtcb4Oot+sBKSe3NSPjrFDKL8r++dq91F+rQgEBRkmlmCwrPOlSXzFO0V5KzDhAKVayAOgecGd9OAyuhtJo19cMjacqMfZjs4YBV7xOEGXvbl4p8bHniGdmKXmNoyYfPYEoQNFEgN1CnBpF1KCIsqwEGP4AUe8iIUKbVrKw7yDRu/ZKhxQ8S4jUVkLS9S/yBfRGYvv0rmEUWxnKbdZ2nEWE9w8QhTORwI3UkvIApYPbB0j0fn7dVmotxDIGvV27zQczTxGDCEVVG1zilZBk/wGi3lVsjMA+5ABlMdY8ZCvvZfT3dJbybXf+qq3UP8iNEXzlhsB9pIys3J6EramAyGhT4e5+RLHfE4BqH1knFPF2w7PT03qX7WLnZV1Obj8UEZ66+6J1L+tRKCgrHrFFNt/jqWNrznm5wlmXE90bxfambppdUVlEy/2jFd9cCj0UZTKbMVwvIxOO2vaqs+xndn/vS8bMjl+z7mXJlFxBRUzwKdASex5MPjKY+gebezxBQ6EBRgLRyD96g4aP+1KPzaSNWlQpjlOkpe9pMkhDLl+Eqo1e4tj3HQlNWpR6nWEUiK1La0W5bDLP9Sk/vzZKDHgBpdGOjVYomYnSglonxQfnSKgS3BSLvHm9TC074gi3yksmqbUwxU6VTnYlXw5K5y7Tuap1FXOWnqZQ3lsybdz/KaJ32fW4L0sLptY8tkSlGmMSiMNrczlhXSNjm9KW3B0HHIAb3IUPI2Jz9cQYpqYoHNLVTrei4CIQ1WYzGzHvedBPRBReC386aIyxuRdR64S46yOpKtDBrtj06R6044iaDoSjM9um0XSf9Ea2wqGzfL64l94h4KQWFrflALrs4NpkiALHg/0Zn7O9FKRwKXfYxkJidyLKT/6UTKAZ4ZpzsIE+m8DMe0d/3YebkE4LNE1mqf8hJqnz/I2UTDmixiJ5mVypRs4Kuh2ocUTpwsbwMBWQxmPEew6yqjVK7PsQdb8Qd3g6yeqBM7ZvDpm7BO9tjiifha41prxom+I880lqPj1IDa+FC9lOALW+6QxFS5cJHMhrViE+C30xJ51EEEFeylBDTWmdVnAXotZMIJoo6t4n292HYk1IRE/8UwzZtmocU6w8oqX79CReZi4hjQIY/7D/QZVMJGt9Q4cjKocljNVZvMj9EUc0qyUUic+m0mzw+tltOcxfpRjx+8IdmyE6EQo97ZV9zBcXJkuWnYXSryhk3zaenmjOzEn6yyjR0/lzoAvmq4UianaBIfCGC+6WM3bxQmIfU2QaSjX5G/ZsZdngtRo+HuS3aTjjKdLozM5IcYcryvo33ZEsL7ovLVGXhCpiaocnS3sc8tqOYbJajkJrCgdsljJNEomiFxZcioJQKdFLhTFXNOvjP60TR6Yk2tGse1xvzgcSlcthylRX6nL23LK8PldFu2cIO6deXPUmfrni62by9eeQvxPrcRavWypf5diWHcuFIa8HZBPozYWWxdhjAP2NEMaz2mUPeRG50ti8OrlBRMFZbRRhZA0VedYNULDYiFMxHU3GYark5ymaG0xCMESfrD95c4Mj+hm9SHfVjZNWw+FmxoJBmLqy7aWKUKXcZCFXwWvLX+G+Uolo3eOKF6EEyR5jK3H0AEsPtoe7wWro6Mw7FSOaDIXpKYoJJs9FlJp5fDDxqJlmHAljgAw9pKPenZhdzqM46J+ArhjxpgunHFFUh6isuliKaFDzRSIWS/z6xJuJaowbysyyfN+13BkSK4cCTJdTsm9yB5AJgueuenLmiGrxg9F9NV24cNuxfOxaZMgRBYhOW3bvRLxYpeFt7uv2Q60aUaVT+cXIJIt3FO7RMQPVELYS1UZcSKCLIYMUmCdiMWGE4uXGQoQoovYPIbqRiNAU46lCxbKqKqJ2lqmhKcSYjtqjZilPHl96FmRiZhatJCaaGG+NS88SAqYiG3xRuSaFapaKdySsxvgCDoY2V6BdbO0cPdx5mM4CFLAjEyYCUZafqgb1isijyQs5orGC4h0NpouuTzYfzMh3+xPQOxK2qek86MHf0XHGHjyqcnNEa4S9Jb1Opdng5qVSpvk7HqGbZP7TGWgaB59dL2ka+gz6Gz1YBt2RT2Zm4Lt89Ireje0mii8LLGz0wT6WsGYg1E1WlrXUkf7pYYv+wzToFO33guWUAmZ9KxqvCYkHhmnG5fvcL5Mhk0i2AtENoyYbXEWVs5uqIdzXPI8RZRcI8LNAeDSVo0emF7p+nC2hepJw7bpfdFdP3vY34sGvg2ciivfcEZZoGHyl8AnHLkaYEfr6LQK3U+KPdDGR8QGoIIjegL/hyKBKRP0ByFY1zWUxosoShP5OXHiWRhSAD/4C6HS9epZDvwsnF0inZki4dc9WzCVB1OBhUi0OGR5HQmdDub1HwEM3zKUFpyHskEXg+Ydur8+sP46oE/FzROm4KxGFl64aqbFliAJQ5WYvInpGoMcnHKZifM7CSUdwpA8tpqdqR8/iszLRDSJEn+wi1avmKHODjNmCusK+MybuytD1YYdgd6dTRDNztAZRKtEaMm0rJymzHtjnydseS0Qt68zNOHwBAbj4/GBWMYJvC7LbhFL7KHoBor7BEU1k91Ai6lpDpND5SQcfauEakyUrX6ot93BJEY1XlnsViFZIJq8+IlcV/rbyt4FFhhlK9vghUo2d58EjUxOMERX289kRYm/DBR8wwiGzN+I3YC05ouZzZT0XxCjxK3rs8OibWp9fgQH4aQQ8jhfYZ6EyolDezGbaQMw/F8GRu9Kl6x5AM6JGWKFAYR6dg2I9hC4TNqOPwpQyLx2v41lex1rbUjkDPNoxfrlwyxHVnutzZt46djVHrI8yJXBKdhPAT0XQgXQ84lEd/5wuQWDEGo21ZIgCtdTj4fu20iYbvOJ4DQZM2IOkLLBH34Emi7QrBnKuPADiUxoQsrvuOrGZAOvdea6DFIqAUDv+VYsanCA0mIDmIQoLi9WN3V0MkCrlgmJpwqwUdkpctnDdfSjYm7LBzWvpLIVnloHTtWN7DE7pH7ryS11TMe3z9myb5sXR4zzpVFV9AhivOXkuolQ74mlD8e5tzVKjZvk2vcn4HOpmcOnGo9bD5I7NQOd/KLteo++U5oMXs8GBfSjbhrmUpO831n6EGaoJPba3nPfEXF1CuBnHNavjs26fb68myueY/TJRG4kXuI/PNfCgGxe4R9rscyqqDQcQjmaa8I+aiUGA6fbK2EtituAmbJ0NDsJ9yWbHpJ6SNis7Xi/y5mlDj0Bu3iImFX34EcitJPHdLsVDPDl3nwlUhmjKTz6JX/e4Q6wPUbaNqlc+WU+E38yIZ7S7Ese/hXngw2EXRM4/iWipp0S6kIOSRAm8F99L/HPUcJPsIxJd04AQd9u4UBzjf8cjIfwY2mw4X3g8WQFHVEtlvMpHNa4Qd3BfZGdwPy6GC36UlkgS7gykH+dEvQ8PwW33iqCwJDhUOEjVVBQD8y5o7FoB9nvClYLkJPRJT0l7B/FBiMIWQUSPJeaOYz+dqOhQbF89GUgUghhRFuRIVYBeUu6bhNyHDzKAenDE5sttN7WA3rwQYc+VY0XLnCqa7AhVXBqO+2aCqCu8oYkBJr6c8uk/i6iSxxFNdkLscwepDCvzHSBXPQOUTkmQso/cqzj+ncAoYJRl6XxO+ey48e4bwMIasksfHziiIEycqOSoqDxumNnDa4EoHQ+GPLVNSd3jGN2FM0jedsk96n5Mbkxx9CvLopT/JzmK6w2W1dt3RLnS5Je9nSkgxQmiTBaR9dlg0TzJMuJRBhTR5XE+nx8ZLWbTyGF9x93glytOSg/TR+HzjuqUKScqoYaTBsDMs7B/EKv+BEln2UvNAkaRV/YCrbiIPrtNXVxSMBgcBH2MJO2uK0673Scj/izD4XDxvaD/LZfRlQ3R3Q3bs7jbYTyenM/nyfRyuQSOEwYXRrbQvVPmNRFRd+c19HEn5PvoGVru0EaaaiS3RrCTfTWlaApnXSoVViuX9dV3g3ephrk8SVp8f8/HXeZGNdMR9fCkmLpJ7eEBvHb57d293ZLamshIv+uOF4icaa3X4xkXrDJoj1Xfl1phpAhGg4/uZky3mZsyaspBRu2uoKgddyfLrfPfTvuAyCdgyeDGeAP74uZxdTUP+ZOk7RtqHjz6bnCQXIZisLr7Mi1xlvpVchSmhhYE6aIdhv2ZZhqibO+6vOil/uKJ+rvBi+z5ZOQMO0rHg1kbGcpuh4IdUJuZPcgpJZG9a23vP7kbnFHmQq10Jo014L4mFWRK9Zz7KRHk9w2Q7b3yNqEMRPfeJlRAVHSWDsx28ThOo5Hs9PU66XtcsWXX9v6Du8GLzxymC2b48NNRzIy661wzYeN0A257P9MvIgrslFjsYLI5p9npHA2z+g0c1/f+UERztw15cDV22K5gsG/3xruslgCX7W+8+kVEqSWSec8+3MxC8Tkdeji+koxmFweNPwdRZZjV1F0C+6v5abGYX9cwl09P5tUQPRVRLX+nj0/gfjUfnk7z6yA/am+jNvT+YESVY974wUJzLGTYkFUNRE9GNCNTo1Ez1bAwam9gg4be77sbvORuv+jz5nvtOcHPst4rbw7MDua+mwNjnTpVMiliH7erlmGNbNDUe9Pd4FW3d+fuykkV9V+2GRw8orre83eDNwym5e3dNexUgW9xiACvLDm+ovequ8Ej9tq7wZWitpVaAudOUwyTS2ZCb2p7N7gcjFrBXns3eLvLvo1Lv8m14MNhzJ7aWx5xNzh/5twukd5UtFXtNMVwZ6Ns7y0han0F7m0vQJzm2sf6EllkcMn0/sC7wRsRVZRJvxJTDPfjmyF6AqIqMC6bSkyx5Q2NbO/PRVQxqEFf5pV3YX9m3A7RMxBl7Oe8Y02ud7L/Llx3/2RETdTbriBM1x3FvgfJ6mzcA9GzEFWUy9HLj5owld8Av3fbeitEdQ0gI9weN/s4v36/OW5D5T6Inoco/XS62KwpjNypanU+juMAoZISrQ+6G7zy9u4cOz8LBSzWOrxcJpPJ+XwJNZTcoCTZ294N3sDe4m7wtNbbwE41Q/synYy3k+mFpTuYapb9wXeDN2n4OXZ+7zJ9xRWj+TMafhm70CTVSpW9ovcb7wZvtEJ/xv4qK7SW/XfvBn8j+kb0jegb0Tei9yHa5AeoOluruJiw6SjuRvafnNw1s+fdN20RzWm9hbvBo9riOV9V/gbsCvbuY9mlI617H7u8vdt8LLvewP4IDb+Z/U9q+E3sd2r4/wPEj6+jU9JrbwAAAABJRU5ErkJggg=="
"Mercedes-Benz S-Класс W221 Седан , 2006",10000$,"data:image/png;base64,iVBORw0KGgoAAAANSUhEUgAAAVEAAACWCAMAAABQMkvIAAAAk1BMVEUiHx/////u7u7t7e3w8PAAAADz8/P6+vr39/f4+PgeGxv8/PwPCQnl5eXp6ena2toyMDAZFRU4NjYJAAAVEREbGBjU1NSQj49EQkKsq6u6ubnGxcXf39+ko6N+fX2Eg4OZmJhcWlorKChLSUmysbFXVVVFQ0MnJCRqaWk8Ojp0c3OJiIi+vr7Nzc1aWFiAf39mZGSbULFuAAAaLElEQVR4nO1dCXeyOhMWSAIGEDGAG+5a69b6/3/dl4191Vrtez/n3HPumzrG8JBklsxMOoogU1M5Idk2RFvTZRuIjzXZVH7G3r2PvSvbqJwdyKZ+H7vxM3ZTtjtvRN+IvhF9I/pG9I3oX0ZUuw2ie9kLiGqt2GOIytkrEW3HbtSyVyOq5RA1JQFBSBFNQ7Z10VSQbCv17N0ce0PvLdm797EbD2FXcux6Q+8dTVDyBgQlb0BQ9AZy7GY7dvUx7EaOXZXtHDt6DDtox67n2DvqbbvEjZtKrnczx25oP2KXe4v6I/a2sqAlu/pG9I3oG9E3om9EH4Joo3KWRVTLPbMaP0QrRB/Gzj/X8ojmnzkR3mUQ/ZQ9p1OrHSRJF9SVTUO2jezHepad6V+l7N1S9sre27NTLbAbNfPs+m29/xJ7ZDMpLbWtFDtAmjP+3h0GjPqCBpL67dq3s4++FpMeQEDNDaZMp05spsLYy9jzSvKd7Hfb9chwlhsCPR8/l1wLwtFiigzwb9j1rREF0yu0/M5ryPfg+hSg6Bn/E4hedtB9EZyCsGWtJv8dRIMdfNX0TJEL+2P9P4GodiSvnZ8xYdhf6n8V0fayfuZar0YyIUz2s27kVPojst64iRRnB/GrYcwQJuslMG97il+lG/2js7+y4FOESX/MB/cgh+cz/aPaCr4avlLC8HBW/phd3wrR6d57NXZV5MOVEzsd/hlEh39sB82SC489BP4hRBXj874Vf5uN2eabVb9kdZaAD/efQBSF/fY6kx89NHv+df8mSnqp/OIee7DUAsZwcGY+lBcj2kbWq8YZtzOSfItYnc1GQIoPhm3bPUaRx0u0bCDbqmxHHrLemUQ9ka2iG/JjNcNuh2EwGW584hWmq08+HaRWCe8nnYW28P6ZyrjVFkrh3JzOoa4chQSzhtEZdty7bEeOT3kAb0a/plzirYWM9Wp2g47Jnhw7RWPY85a6WfEsFW7V21zCjeytYkqWbbZQzxotA6FkSZWABDnvUHNMSZBCFNXHlAD6UNsPUsAUbi5SQj00pqT1KUcbu/7UAlAPfk4RAhyimVi67grdHPeUQbRN3NN0U1g+Pvy2UQV7ejCv85TMmwH1yTVAKILo4Mez7NcRVZTJuiAzrf2ESai/iajZBlB4mMqFxiCSqOB9DzwDUQXNC9MUw086Tf8koqrZDKjrLRVTTSCai23U+zZuj3a8B1FF2RY1Ec8bI72C/ZWIAuNI8mMtTNCNndkkuvLp4LR4EvRLiKLLumAfY7KyX4pouX8UfTfNUN+aJexcOduKr/gboBV8jAlE5bpcTtaDHHs3zx71DuxdcaB0mspnzrO3UMHvZ+9URUeytrJsmqHWYGrE7PQLBjB2kVxSkthLUNY7Z8+GaqJpDAzcKpXsUVBr0rtiLooqM4bX0Chlz8SRNvdeFnZaYI/iSGut0EnTDGXeiewSABcpeT1QsmLy/ra8LgcyiLYN6hFm5bbEMPXcMQJ5K7R1TEk79lvs+qDBlMdkJvtJIEIL8SXvmH7mykCm3B50I6JZQ93pF52NmHyG6M94StROvS3v4kvJM+/F4oOXVoj+bI7mIALXkjXl7bfKH0HU3NX7l72RXRR8XblR+COzFaKPnKO0vbSK/gcM58bfQLTB9iQ7Qykiql/FORRZKq0QfegcNVXjXFSj6GAOwR9A1JzWAwqPuRcgKJRbL+y9AlFNRfaqRD3x4VB9HqLl2pbaW9f67ySghWyO2Eki2/LjtrkiBUSz7C0cngAMy+JdLHcRUl28wF5UwX/uH1Wyzx7xH2vlPFwYaln3oC/l0gSUasm/peFnZkUwKBMAFtxMUBn7k6IdL7VrHn5HyzlntMophvs2yKyYX7ZCc1ovKD8E9+H+eGZdAFC60f2uXX+oU5zgnC44bh8kz8zbKHbeR9ZONKrYPJG/FtlK0aj4txFQnBSiBorZpZs8Yo9d/tHXpVc9auuz8uGzA6rdcuoAg/YAoq8/BdFt3RR1j5lNRZxT8JYTKaOBHTIKAlsQ/RcnRzSdy1TQRf6dt8/n82UcbzbeabrdTgRtx4K28p8zSfLPs6GkpaTh8lo5I1yLuIPNcTieOnr8en8dUb12inZG/XVCHYuTxymSZp74IyFQEpEEGyglqOl8yn89/qcV9U/SzRTV2ybY9ywCiXVYzYfbaRBqXSM6f/glRBvs+Van5/8CYZciSyzc33wOZ+fQ+A1EhTT++nvhYr9KYs5aHboZTAIN0V2WbusPzAZX7L8ZL/brxICF0FvvFrOpIxB7TDY4Gjf67f/TRIElEI8+T9tLj+2v8SpuqeGrhTltfP/ZELwnEk/zcT++xxdUImmUm+x6g3k7/BIB+g/TvauOTley3p3ObFNV70eUCiZ/FGg85ih0BPUkOdm2LZuhbN/Jbv8yuzb5gU6CfTpbP4aOKk7Q70QUTqPvlRs/8eYim93b2I2fsZvl7HnLLM2++OFORlH9mPEA1QchGjt11dwzq6UPkfiA27FXQPRA9p8iykAl+GSjtohqhVXvdHnmgybtSCQzIWSzJ5tAtjXZrmC3ZRO9iL27fUhGG7Y6y0K8b4tscHPFJFOTvfhv0aP0QQxHF+X2bPDV/5nJdBP5cAjArf7RN6K1RFYauNFT8ka0nqyDg96IPpTcvoPeiD6U3LUD3og+lLyPXt5BXRft+Ea0maxrjGhe1hfTmd+ItiG4rEhBL/GPGtc3oi3ImqLW/tHPN6ItyD8wtbTZU6LQVf9GtBXBpdGI6GS1Wu2+Vv3m3oqEfdfzPP9fOxvFLh22e58fBTugAVF97bmu7/Puyz0l5T2zcxnY2VyPx+PuYEFoFVNg/yDxUfuj1efncTVyISTerbhac6MJ0X6MhL+xTe5RAdIfzvJKzWlJty6xdoutE6m1hm5PZ8cRLOZr/inyCdwsZhdNp8KZK5K6s/3ekBursEA6SWujHc0E0djjnA0HGOYi9rBlfY1DgECqEBBLgdXs2Y6UxBv/DcIW2Y17PKIsfbhpas54Z5EbRm0tjPpscDWF6ERqW3qcgM001ewpKStgRaE2i85COlXN4LS/ZXRPI0w6C4ePOJ/ebdLZ2psd2tdbw2vNrM0G7yWI4sFZxHiF0g/OG7PMoiD9cS8+Xyo6tAHqLft/7+Tf2s9sfgRXld5tTkatC7KwsOGabHCQQpS+SXksmwnWSnXmWcteEjFYeuhCMZ15f+vs34UnIx/KXsjO0MbFdOiK7na1npIMok0Er076YJBuGoYBkvqVcci79vmXKvCQTagU09YAYqEjauJMQnZJBl8pwd6DEPXJLHN4bTrb4fH69fV1nS8njpkRaJM/U8YMw6GoUSEWkK5QtWRxXK2+VsfTeBrl5bKxg/KkkyKR7WMQ9QaOAJQjqk0+O5BYVJelxGKxOtdJiFCsItibv1G60O9IBUZjeNqTY58poZ4YNYHu18yOEFUrkk4K5B0fgqi1AdHKMZTg2IE5jR570Oc1NqTSZZTlwj2d3HWkNGvACL7X+VEzzXo1jRBVAVi0GDXumzX+UbUlotZVke5UgKa7wsAEefBjksRgNiaV/z55hwhQBV2uFaN2YX8SB91lCt54sUWFfUGYHd93YEiFctY/KsMyWNxotxWi1k5DPEWaKm+fNbWHfbgK49jLl0PqHlQ5GKP3bVXvkRhuLiK3QEFGknboHbUovqIn9U/NtqnBQ8aUm32hNBtcb4Oot+sBKSe3NSPjrFDKL8r++dq91F+rQgEBRkmlmCwrPOlSXzFO0V5KzDhAKVayAOgecGd9OAyuhtJo19cMjacqMfZjs4YBV7xOEGXvbl4p8bHniGdmKXmNoyYfPYEoQNFEgN1CnBpF1KCIsqwEGP4AUe8iIUKbVrKw7yDRu/ZKhxQ8S4jUVkLS9S/yBfRGYvv0rmEUWxnKbdZ2nEWE9w8QhTORwI3UkvIApYPbB0j0fn7dVmotxDIGvV27zQczTxGDCEVVG1zilZBk/wGi3lVsjMA+5ABlMdY8ZCvvZfT3dJbybXf+qq3UP8iNEXzlhsB9pIys3J6EramAyGhT4e5+RLHfE4BqH1knFPF2w7PT03qX7WLnZV1Obj8UEZ66+6J1L+tRKCgrHrFFNt/jqWNrznm5wlmXE90bxfambppdUVlEy/2jFd9cCj0UZTKbMVwvIxOO2vaqs+xndn/vS8bMjl+z7mXJlFxBRUzwKdASex5MPjKY+gebezxBQ6EBRgLRyD96g4aP+1KPzaSNWlQpjlOkpe9pMkhDLl+Eqo1e4tj3HQlNWpR6nWEUiK1La0W5bDLP9Sk/vzZKDHgBpdGOjVYomYnSglonxQfnSKgS3BSLvHm9TC074gi3yksmqbUwxU6VTnYlXw5K5y7Tuap1FXOWnqZQ3lsybdz/KaJ32fW4L0sLptY8tkSlGmMSiMNrczlhXSNjm9KW3B0HHIAb3IUPI2Jz9cQYpqYoHNLVTrei4CIQ1WYzGzHvedBPRBReC386aIyxuRdR64S46yOpKtDBrtj06R6044iaDoSjM9um0XSf9Ea2wqGzfL64l94h4KQWFrflALrs4NpkiALHg/0Zn7O9FKRwKXfYxkJidyLKT/6UTKAZ4ZpzsIE+m8DMe0d/3YebkE4LNE1mqf8hJqnz/I2UTDmixiJ5mVypRs4Kuh2ocUTpwsbwMBWQxmPEew6yqjVK7PsQdb8Qd3g6yeqBM7ZvDpm7BO9tjiifha41prxom+I880lqPj1IDa+FC9lOALW+6QxFS5cJHMhrViE+C30xJ51EEEFeylBDTWmdVnAXotZMIJoo6t4n292HYk1IRE/8UwzZtmocU6w8oqX79CReZi4hjQIY/7D/QZVMJGt9Q4cjKocljNVZvMj9EUc0qyUUic+m0mzw+tltOcxfpRjx+8IdmyE6EQo97ZV9zBcXJkuWnYXSryhk3zaenmjOzEn6yyjR0/lzoAvmq4UianaBIfCGC+6WM3bxQmIfU2QaSjX5G/ZsZdngtRo+HuS3aTjjKdLozM5IcYcryvo33ZEsL7ovLVGXhCpiaocnS3sc8tqOYbJajkJrCgdsljJNEomiFxZcioJQKdFLhTFXNOvjP60TR6Yk2tGse1xvzgcSlcthylRX6nL23LK8PldFu2cIO6deXPUmfrni62by9eeQvxPrcRavWypf5diWHcuFIa8HZBPozYWWxdhjAP2NEMaz2mUPeRG50ti8OrlBRMFZbRRhZA0VedYNULDYiFMxHU3GYark5ymaG0xCMESfrD95c4Mj+hm9SHfVjZNWw+FmxoJBmLqy7aWKUKXcZCFXwWvLX+G+Uolo3eOKF6EEyR5jK3H0AEsPtoe7wWro6Mw7FSOaDIXpKYoJJs9FlJp5fDDxqJlmHAljgAw9pKPenZhdzqM46J+ArhjxpgunHFFUh6isuliKaFDzRSIWS/z6xJuJaowbysyyfN+13BkSK4cCTJdTsm9yB5AJgueuenLmiGrxg9F9NV24cNuxfOxaZMgRBYhOW3bvRLxYpeFt7uv2Q60aUaVT+cXIJIt3FO7RMQPVELYS1UZcSKCLIYMUmCdiMWGE4uXGQoQoovYPIbqRiNAU46lCxbKqKqJ2lqmhKcSYjtqjZilPHl96FmRiZhatJCaaGG+NS88SAqYiG3xRuSaFapaKdySsxvgCDoY2V6BdbO0cPdx5mM4CFLAjEyYCUZafqgb1isijyQs5orGC4h0NpouuTzYfzMh3+xPQOxK2qek86MHf0XHGHjyqcnNEa4S9Jb1Opdng5qVSpvk7HqGbZP7TGWgaB59dL2ka+gz6Gz1YBt2RT2Zm4Lt89Ireje0mii8LLGz0wT6WsGYg1E1WlrXUkf7pYYv+wzToFO33guWUAmZ9KxqvCYkHhmnG5fvcL5Mhk0i2AtENoyYbXEWVs5uqIdzXPI8RZRcI8LNAeDSVo0emF7p+nC2hepJw7bpfdFdP3vY34sGvg2ciivfcEZZoGHyl8AnHLkaYEfr6LQK3U+KPdDGR8QGoIIjegL/hyKBKRP0ByFY1zWUxosoShP5OXHiWRhSAD/4C6HS9epZDvwsnF0inZki4dc9WzCVB1OBhUi0OGR5HQmdDub1HwEM3zKUFpyHskEXg+Ydur8+sP46oE/FzROm4KxGFl64aqbFliAJQ5WYvInpGoMcnHKZifM7CSUdwpA8tpqdqR8/iszLRDSJEn+wi1avmKHODjNmCusK+MybuytD1YYdgd6dTRDNztAZRKtEaMm0rJymzHtjnydseS0Qt68zNOHwBAbj4/GBWMYJvC7LbhFL7KHoBor7BEU1k91Ai6lpDpND5SQcfauEakyUrX6ot93BJEY1XlnsViFZIJq8+IlcV/rbyt4FFhhlK9vghUo2d58EjUxOMERX289kRYm/DBR8wwiGzN+I3YC05ouZzZT0XxCjxK3rs8OibWp9fgQH4aQQ8jhfYZ6EyolDezGbaQMw/F8GRu9Kl6x5AM6JGWKFAYR6dg2I9hC4TNqOPwpQyLx2v41lex1rbUjkDPNoxfrlwyxHVnutzZt46djVHrI8yJXBKdhPAT0XQgXQ84lEd/5wuQWDEGo21ZIgCtdTj4fu20iYbvOJ4DQZM2IOkLLBH34Emi7QrBnKuPADiUxoQsrvuOrGZAOvdea6DFIqAUDv+VYsanCA0mIDmIQoLi9WN3V0MkCrlgmJpwqwUdkpctnDdfSjYm7LBzWvpLIVnloHTtWN7DE7pH7ryS11TMe3z9myb5sXR4zzpVFV9AhivOXkuolQ74mlD8e5tzVKjZvk2vcn4HOpmcOnGo9bD5I7NQOd/KLteo++U5oMXs8GBfSjbhrmUpO831n6EGaoJPba3nPfEXF1CuBnHNavjs26fb68myueY/TJRG4kXuI/PNfCgGxe4R9rscyqqDQcQjmaa8I+aiUGA6fbK2EtituAmbJ0NDsJ9yWbHpJ6SNis7Xi/y5mlDj0Bu3iImFX34EcitJPHdLsVDPDl3nwlUhmjKTz6JX/e4Q6wPUbaNqlc+WU+E38yIZ7S7Ese/hXngw2EXRM4/iWipp0S6kIOSRAm8F99L/HPUcJPsIxJd04AQd9u4UBzjf8cjIfwY2mw4X3g8WQFHVEtlvMpHNa4Qd3BfZGdwPy6GC36UlkgS7gykH+dEvQ8PwW33iqCwJDhUOEjVVBQD8y5o7FoB9nvClYLkJPRJT0l7B/FBiMIWQUSPJeaOYz+dqOhQbF89GUgUghhRFuRIVYBeUu6bhNyHDzKAenDE5sttN7WA3rwQYc+VY0XLnCqa7AhVXBqO+2aCqCu8oYkBJr6c8uk/i6iSxxFNdkLscwepDCvzHSBXPQOUTkmQso/cqzj+ncAoYJRl6XxO+ey48e4bwMIasksfHziiIEycqOSoqDxumNnDa4EoHQ+GPLVNSd3jGN2FM0jedsk96n5Mbkxx9CvLopT/JzmK6w2W1dt3RLnS5Je9nSkgxQmiTBaR9dlg0TzJMuJRBhTR5XE+nx8ZLWbTyGF9x93glytOSg/TR+HzjuqUKScqoYaTBsDMs7B/EKv+BEln2UvNAkaRV/YCrbiIPrtNXVxSMBgcBH2MJO2uK0673Scj/izD4XDxvaD/LZfRlQ3R3Q3bs7jbYTyenM/nyfRyuQSOEwYXRrbQvVPmNRFRd+c19HEn5PvoGVru0EaaaiS3RrCTfTWlaApnXSoVViuX9dV3g3ephrk8SVp8f8/HXeZGNdMR9fCkmLpJ7eEBvHb57d293ZLamshIv+uOF4icaa3X4xkXrDJoj1Xfl1phpAhGg4/uZky3mZsyaspBRu2uoKgddyfLrfPfTvuAyCdgyeDGeAP74uZxdTUP+ZOk7RtqHjz6bnCQXIZisLr7Mi1xlvpVchSmhhYE6aIdhv2ZZhqibO+6vOil/uKJ+rvBi+z5ZOQMO0rHg1kbGcpuh4IdUJuZPcgpJZG9a23vP7kbnFHmQq10Jo014L4mFWRK9Zz7KRHk9w2Q7b3yNqEMRPfeJlRAVHSWDsx28ThOo5Hs9PU66XtcsWXX9v6Du8GLzxymC2b48NNRzIy661wzYeN0A257P9MvIgrslFjsYLI5p9npHA2z+g0c1/f+UERztw15cDV22K5gsG/3xruslgCX7W+8+kVEqSWSec8+3MxC8Tkdeji+koxmFweNPwdRZZjV1F0C+6v5abGYX9cwl09P5tUQPRVRLX+nj0/gfjUfnk7z6yA/am+jNvT+YESVY974wUJzLGTYkFUNRE9GNCNTo1Ez1bAwam9gg4be77sbvORuv+jz5nvtOcHPst4rbw7MDua+mwNjnTpVMiliH7erlmGNbNDUe9Pd4FW3d+fuykkV9V+2GRw8orre83eDNwym5e3dNexUgW9xiACvLDm+ovequ8Ej9tq7wZWitpVaAudOUwyTS2ZCb2p7N7gcjFrBXns3eLvLvo1Lv8m14MNhzJ7aWx5xNzh/5twukd5UtFXtNMVwZ6Ns7y0han0F7m0vQJzm2sf6EllkcMn0/sC7wRsRVZRJvxJTDPfjmyF6AqIqMC6bSkyx5Q2NbO/PRVQxqEFf5pV3YX9m3A7RMxBl7Oe8Y02ud7L/Llx3/2RETdTbriBM1x3FvgfJ6mzcA9GzEFWUy9HLj5owld8Av3fbeitEdQ0gI9weN/s4v36/OW5D5T6Inoco/XS62KwpjNypanU+juMAoZISrQ+6G7zy9u4cOz8LBSzWOrxcJpPJ+XwJNZTcoCTZ294N3sDe4m7wtNbbwE41Q/synYy3k+mFpTuYapb9wXeDN2n4OXZ+7zJ9xRWj+TMafhm70CTVSpW9ovcb7wZvtEJ/xv4qK7SW/XfvBn8j+kb0jegb0Tei9yHa5AeoOluruJiw6SjuRvafnNw1s+fdN20RzWm9hbvBo9riOV9V/gbsCvbuY9mlI617H7u8vdt8LLvewP4IDb+Z/U9q+E3sd2r4/wPEj6+jU9JrbwAAAABJRU5ErkJggg=="
"Mercedes-Benz E-Класс , 2003",5500$,https://i.cars.kg/preview/r/bLy9EW_cCrheVHz1_lO1Uw/1080x-/20210827/99f4ee463e419ae46efb5aec92820fc2.jpg
"Mercedes-Benz S-Класс , 2001",8900$,https://i.cars.kg/preview/r/k7cXhBq6NxWx_W1Tckk44Q/1080x-/20210826/f7bdf5ae107036a73ccf3f5934e24e7d.jpg
"Mercedes-Benz S-Класс W140 [2-й рестайлинг] Седан , 1998",5700$,https://i.cars.kg/preview/r/YCE-2FNX9UnmeHPyBR_pDA/1080x-/20210825/c468b166cc398300f3620fae2b0fa416.jpg
"Mercedes-Benz A-Класс W168 Хетчбэк , 1999",2700$,https://i.cars.kg/preview/r/CyYqSMVk6rSEGAPV9dsYOA/1080x-/20210821/bef870e89f1a5da422c7c961172dead7.jpg
"Mercedes-Benz 124, 1995",6500$,https://i.cars.kg/preview/r/19qJ60mn6FbcHKNCpjjC_Q/1080x-/20210820/dc07975685c967586298f47dc9d4dfb1.jpg
"Mercedes-Benz G-Класс W463 [3-й рестайлинг] Внедорожник , 2021",260000$,https://i.cars.kg/preview/r/oAM6I5KWDXKNKJVs6QrsVg/1080x-/20210820/a713b7f26550acf3225a67ddf2a9c045.jpg
"Mercedes-Benz E-Класс W124 [рестайлинг] Универсал , 1993",4500$,https://i.cars.kg/preview/r/S57VibN4m7bsa1P5BEHUxw/1080x-/20210819/97046fa45c6fb3280b960a6c55818490.jpg
"Mercedes-Benz W124, 1990",230000$,https://i.cars.kg/preview/r/efV2f2oJkYz6MVoP_Pm_QQ/1080x-/20210819/9881bc68f6109f2e7562fde88fb2bf6f.jpg
"Mercedes-Benz GL-Класс C216 , 2009",15000$,https://i.cars.kg/preview/r/xzDTDI9E086s18wdWH1-vA/1080x-/20210817/72f6ff488eca658df6fd1f4706ed7c67.jpg
"Mercedes-Benz M-Класс W164 [рестайлинг] Кроссовер , 2011",13500$,https://i.cars.kg/preview/r/17s-p_9oxWPhgwgx0gQXew/1080x-/20210816/f5d624d33aa917e28e9824baeef5e607.jpg
"Mercedes-Benz S-Класс W221 [рестайлинг] Седан 4-дв. , 2012",17500$,https://i.cars.kg/preview/r/4HwphBelmEMuzhfT4FQV5A/1080x-/20210815/104b2a73bb7d2ee84c6d282fd61363f7.jpg
"Mercedes-Benz E-Класс W213 AMG седан 4-дв. , 2016",30000$,https://i.cars.kg/preview/r/R_IvHCgbuz_MlSx174h9RQ/1080x-/20210815/d3a35424cd3d80e9797d5a08b9a38fe5.jpg
"Mercedes-Benz S-Класс W220 [рестайлинг] Седан , 2003",5100$,https://i.cars.kg/preview/r/cugWGOeMgjmOJ0-blNLmGg/1080x-/20210813/e71b793f2e8a54bf9683635d0870a6ad.jpg
"Mercedes-Benz S-Класс W222 / C217 Седан 4-дв. , 2019",83900$,https://i.cars.kg/preview/r/aw3kqyis_f5P4Mu4_Jn7mA/1080x-/20210812/5f95b49c15e4e5cf29dcd716f02c0b03.jpg
"Mercedes-Benz Sprinter , 2004",8500$,https://i.cars.kg/preview/r/VpRrjnpFEjaqMhHj5blb1A/1080x-/20210812/59a70c9d856195eb38f636a2848b901d.jpg
"Mercedes-Benz S-Класс W221 AMG седан 4-дв. , 2006",10999$,https://i.cars.kg/preview/r/GBx2OXxU-rxlnmAH4f8ZCg/1080x-/20210812/27b4b54afbdc02738e0f956554ea7d68.png
"Mercedes-Benz S-Класс W221 Седан , 2007",11000$,https://i.cars.kg/preview/r/D7tLwHGlewef2IivDhoETg/1080x-/20210811/f7af6dd4597e5dc4f4a6c1e414723841.jpg
"Mercedes-Benz CL-Класс C216 , 2007",14000$,https://i.cars.kg/preview/r/0AIiiUrcxijfrCpkm8Y6Uw/1080x-/20210811/ef111defc734bdcbbc3a7c5b172631e5.jpg
"Mercedes-Benz Sprinter , 1999",11000$,https://i.cars.kg/preview/r/f75TbmFLyYI0Cszfz9_LdQ/1080x-/20210810/5ae15e006d931614d21435744fcbc8a9.jpg
"Mercedes-Benz C-Класс W203/S203/CL203 Седан 4-дв. , 2004",6000$,https://i.cars.kg/preview/r/KIpYre4N04_ll0uiaMFQuQ/1080x-/20210809/bfec5ea5b836c421c00b69dacf4316c7.jpg
"Mercedes-Benz , 2001",4700$,"data:image/png;base64,iVBORw0KGgoAAAANSUhEUgAAAVEAAACWCAMAAABQMkvIAAAAk1BMVEUiHx/////u7u7t7e3w8PAAAADz8/P6+vr39/f4+PgeGxv8/PwPCQnl5eXp6ena2toyMDAZFRU4NjYJAAAVEREbGBjU1NSQj49EQkKsq6u6ubnGxcXf39+ko6N+fX2Eg4OZmJhcWlorKChLSUmysbFXVVVFQ0MnJCRqaWk8Ojp0c3OJiIi+vr7Nzc1aWFiAf39mZGSbULFuAAAaLElEQVR4nO1dCXeyOhMWSAIGEDGAG+5a69b6/3/dl4191Vrtez/n3HPumzrG8JBklsxMOoogU1M5Idk2RFvTZRuIjzXZVH7G3r2PvSvbqJwdyKZ+H7vxM3ZTtjtvRN+IvhF9I/pG9I3oX0ZUuw2ie9kLiGqt2GOIytkrEW3HbtSyVyOq5RA1JQFBSBFNQ7Z10VSQbCv17N0ce0PvLdm797EbD2FXcux6Q+8dTVDyBgQlb0BQ9AZy7GY7dvUx7EaOXZXtHDt6DDtox67n2DvqbbvEjZtKrnczx25oP2KXe4v6I/a2sqAlu/pG9I3oG9E3om9EH4Joo3KWRVTLPbMaP0QrRB/Gzj/X8ojmnzkR3mUQ/ZQ9p1OrHSRJF9SVTUO2jezHepad6V+l7N1S9sre27NTLbAbNfPs+m29/xJ7ZDMpLbWtFDtAmjP+3h0GjPqCBpL67dq3s4++FpMeQEDNDaZMp05spsLYy9jzSvKd7Hfb9chwlhsCPR8/l1wLwtFiigzwb9j1rREF0yu0/M5ryPfg+hSg6Bn/E4hedtB9EZyCsGWtJv8dRIMdfNX0TJEL+2P9P4GodiSvnZ8xYdhf6n8V0fayfuZar0YyIUz2s27kVPojst64iRRnB/GrYcwQJuslMG97il+lG/2js7+y4FOESX/MB/cgh+cz/aPaCr4avlLC8HBW/phd3wrR6d57NXZV5MOVEzsd/hlEh39sB82SC489BP4hRBXj874Vf5uN2eabVb9kdZaAD/efQBSF/fY6kx89NHv+df8mSnqp/OIee7DUAsZwcGY+lBcj2kbWq8YZtzOSfItYnc1GQIoPhm3bPUaRx0u0bCDbqmxHHrLemUQ9ka2iG/JjNcNuh2EwGW584hWmq08+HaRWCe8nnYW28P6ZyrjVFkrh3JzOoa4chQSzhtEZdty7bEeOT3kAb0a/plzirYWM9Wp2g47Jnhw7RWPY85a6WfEsFW7V21zCjeytYkqWbbZQzxotA6FkSZWABDnvUHNMSZBCFNXHlAD6UNsPUsAUbi5SQj00pqT1KUcbu/7UAlAPfk4RAhyimVi67grdHPeUQbRN3NN0U1g+Pvy2UQV7ejCv85TMmwH1yTVAKILo4Mez7NcRVZTJuiAzrf2ESai/iajZBlB4mMqFxiCSqOB9DzwDUQXNC9MUw086Tf8koqrZDKjrLRVTTSCai23U+zZuj3a8B1FF2RY1Ec8bI72C/ZWIAuNI8mMtTNCNndkkuvLp4LR4EvRLiKLLumAfY7KyX4pouX8UfTfNUN+aJexcOduKr/gboBV8jAlE5bpcTtaDHHs3zx71DuxdcaB0mspnzrO3UMHvZ+9URUeytrJsmqHWYGrE7PQLBjB2kVxSkthLUNY7Z8+GaqJpDAzcKpXsUVBr0rtiLooqM4bX0Chlz8SRNvdeFnZaYI/iSGut0EnTDGXeiewSABcpeT1QsmLy/ra8LgcyiLYN6hFm5bbEMPXcMQJ5K7R1TEk79lvs+qDBlMdkJvtJIEIL8SXvmH7mykCm3B50I6JZQ93pF52NmHyG6M94StROvS3v4kvJM+/F4oOXVoj+bI7mIALXkjXl7bfKH0HU3NX7l72RXRR8XblR+COzFaKPnKO0vbSK/gcM58bfQLTB9iQ7Qykiql/FORRZKq0QfegcNVXjXFSj6GAOwR9A1JzWAwqPuRcgKJRbL+y9AlFNRfaqRD3x4VB9HqLl2pbaW9f67ySghWyO2Eki2/LjtrkiBUSz7C0cngAMy+JdLHcRUl28wF5UwX/uH1Wyzx7xH2vlPFwYaln3oC/l0gSUasm/peFnZkUwKBMAFtxMUBn7k6IdL7VrHn5HyzlntMophvs2yKyYX7ZCc1ovKD8E9+H+eGZdAFC60f2uXX+oU5zgnC44bh8kz8zbKHbeR9ZONKrYPJG/FtlK0aj4txFQnBSiBorZpZs8Yo9d/tHXpVc9auuz8uGzA6rdcuoAg/YAoq8/BdFt3RR1j5lNRZxT8JYTKaOBHTIKAlsQ/RcnRzSdy1TQRf6dt8/n82UcbzbeabrdTgRtx4K28p8zSfLPs6GkpaTh8lo5I1yLuIPNcTieOnr8en8dUb12inZG/XVCHYuTxymSZp74IyFQEpEEGyglqOl8yn89/qcV9U/SzRTV2ybY9ywCiXVYzYfbaRBqXSM6f/glRBvs+Van5/8CYZciSyzc33wOZ+fQ+A1EhTT++nvhYr9KYs5aHboZTAIN0V2WbusPzAZX7L8ZL/brxICF0FvvFrOpIxB7TDY4Gjf67f/TRIElEI8+T9tLj+2v8SpuqeGrhTltfP/ZELwnEk/zcT++xxdUImmUm+x6g3k7/BIB+g/TvauOTley3p3ObFNV70eUCiZ/FGg85ih0BPUkOdm2LZuhbN/Jbv8yuzb5gU6CfTpbP4aOKk7Q70QUTqPvlRs/8eYim93b2I2fsZvl7HnLLM2++OFORlH9mPEA1QchGjt11dwzq6UPkfiA27FXQPRA9p8iykAl+GSjtohqhVXvdHnmgybtSCQzIWSzJ5tAtjXZrmC3ZRO9iL27fUhGG7Y6y0K8b4tscHPFJFOTvfhv0aP0QQxHF+X2bPDV/5nJdBP5cAjArf7RN6K1RFYauNFT8ka0nqyDg96IPpTcvoPeiD6U3LUD3og+lLyPXt5BXRft+Ea0maxrjGhe1hfTmd+ItiG4rEhBL/GPGtc3oi3ImqLW/tHPN6ItyD8wtbTZU6LQVf9GtBXBpdGI6GS1Wu2+Vv3m3oqEfdfzPP9fOxvFLh22e58fBTugAVF97bmu7/Puyz0l5T2zcxnY2VyPx+PuYEFoFVNg/yDxUfuj1efncTVyISTerbhac6MJ0X6MhL+xTe5RAdIfzvJKzWlJty6xdoutE6m1hm5PZ8cRLOZr/inyCdwsZhdNp8KZK5K6s/3ekBursEA6SWujHc0E0djjnA0HGOYi9rBlfY1DgECqEBBLgdXs2Y6UxBv/DcIW2Y17PKIsfbhpas54Z5EbRm0tjPpscDWF6ERqW3qcgM001ewpKStgRaE2i85COlXN4LS/ZXRPI0w6C4ePOJ/ebdLZ2psd2tdbw2vNrM0G7yWI4sFZxHiF0g/OG7PMoiD9cS8+Xyo6tAHqLft/7+Tf2s9sfgRXld5tTkatC7KwsOGabHCQQpS+SXksmwnWSnXmWcteEjFYeuhCMZ15f+vs34UnIx/KXsjO0MbFdOiK7na1npIMok0Er076YJBuGoYBkvqVcci79vmXKvCQTagU09YAYqEjauJMQnZJBl8pwd6DEPXJLHN4bTrb4fH69fV1nS8njpkRaJM/U8YMw6GoUSEWkK5QtWRxXK2+VsfTeBrl5bKxg/KkkyKR7WMQ9QaOAJQjqk0+O5BYVJelxGKxOtdJiFCsItibv1G60O9IBUZjeNqTY58poZ4YNYHu18yOEFUrkk4K5B0fgqi1AdHKMZTg2IE5jR570Oc1NqTSZZTlwj2d3HWkNGvACL7X+VEzzXo1jRBVAVi0GDXumzX+UbUlotZVke5UgKa7wsAEefBjksRgNiaV/z55hwhQBV2uFaN2YX8SB91lCt54sUWFfUGYHd93YEiFctY/KsMyWNxotxWi1k5DPEWaKm+fNbWHfbgK49jLl0PqHlQ5GKP3bVXvkRhuLiK3QEFGknboHbUovqIn9U/NtqnBQ8aUm32hNBtcb4Oot+sBKSe3NSPjrFDKL8r++dq91F+rQgEBRkmlmCwrPOlSXzFO0V5KzDhAKVayAOgecGd9OAyuhtJo19cMjacqMfZjs4YBV7xOEGXvbl4p8bHniGdmKXmNoyYfPYEoQNFEgN1CnBpF1KCIsqwEGP4AUe8iIUKbVrKw7yDRu/ZKhxQ8S4jUVkLS9S/yBfRGYvv0rmEUWxnKbdZ2nEWE9w8QhTORwI3UkvIApYPbB0j0fn7dVmotxDIGvV27zQczTxGDCEVVG1zilZBk/wGi3lVsjMA+5ABlMdY8ZCvvZfT3dJbybXf+qq3UP8iNEXzlhsB9pIys3J6EramAyGhT4e5+RLHfE4BqH1knFPF2w7PT03qX7WLnZV1Obj8UEZ66+6J1L+tRKCgrHrFFNt/jqWNrznm5wlmXE90bxfambppdUVlEy/2jFd9cCj0UZTKbMVwvIxOO2vaqs+xndn/vS8bMjl+z7mXJlFxBRUzwKdASex5MPjKY+gebezxBQ6EBRgLRyD96g4aP+1KPzaSNWlQpjlOkpe9pMkhDLl+Eqo1e4tj3HQlNWpR6nWEUiK1La0W5bDLP9Sk/vzZKDHgBpdGOjVYomYnSglonxQfnSKgS3BSLvHm9TC074gi3yksmqbUwxU6VTnYlXw5K5y7Tuap1FXOWnqZQ3lsybdz/KaJ32fW4L0sLptY8tkSlGmMSiMNrczlhXSNjm9KW3B0HHIAb3IUPI2Jz9cQYpqYoHNLVTrei4CIQ1WYzGzHvedBPRBReC386aIyxuRdR64S46yOpKtDBrtj06R6044iaDoSjM9um0XSf9Ea2wqGzfL64l94h4KQWFrflALrs4NpkiALHg/0Zn7O9FKRwKXfYxkJidyLKT/6UTKAZ4ZpzsIE+m8DMe0d/3YebkE4LNE1mqf8hJqnz/I2UTDmixiJ5mVypRs4Kuh2ocUTpwsbwMBWQxmPEew6yqjVK7PsQdb8Qd3g6yeqBM7ZvDpm7BO9tjiifha41prxom+I880lqPj1IDa+FC9lOALW+6QxFS5cJHMhrViE+C30xJ51EEEFeylBDTWmdVnAXotZMIJoo6t4n292HYk1IRE/8UwzZtmocU6w8oqX79CReZi4hjQIY/7D/QZVMJGt9Q4cjKocljNVZvMj9EUc0qyUUic+m0mzw+tltOcxfpRjx+8IdmyE6EQo97ZV9zBcXJkuWnYXSryhk3zaenmjOzEn6yyjR0/lzoAvmq4UianaBIfCGC+6WM3bxQmIfU2QaSjX5G/ZsZdngtRo+HuS3aTjjKdLozM5IcYcryvo33ZEsL7ovLVGXhCpiaocnS3sc8tqOYbJajkJrCgdsljJNEomiFxZcioJQKdFLhTFXNOvjP60TR6Yk2tGse1xvzgcSlcthylRX6nL23LK8PldFu2cIO6deXPUmfrni62by9eeQvxPrcRavWypf5diWHcuFIa8HZBPozYWWxdhjAP2NEMaz2mUPeRG50ti8OrlBRMFZbRRhZA0VedYNULDYiFMxHU3GYark5ymaG0xCMESfrD95c4Mj+hm9SHfVjZNWw+FmxoJBmLqy7aWKUKXcZCFXwWvLX+G+Uolo3eOKF6EEyR5jK3H0AEsPtoe7wWro6Mw7FSOaDIXpKYoJJs9FlJp5fDDxqJlmHAljgAw9pKPenZhdzqM46J+ArhjxpgunHFFUh6isuliKaFDzRSIWS/z6xJuJaowbysyyfN+13BkSK4cCTJdTsm9yB5AJgueuenLmiGrxg9F9NV24cNuxfOxaZMgRBYhOW3bvRLxYpeFt7uv2Q60aUaVT+cXIJIt3FO7RMQPVELYS1UZcSKCLIYMUmCdiMWGE4uXGQoQoovYPIbqRiNAU46lCxbKqKqJ2lqmhKcSYjtqjZilPHl96FmRiZhatJCaaGG+NS88SAqYiG3xRuSaFapaKdySsxvgCDoY2V6BdbO0cPdx5mM4CFLAjEyYCUZafqgb1isijyQs5orGC4h0NpouuTzYfzMh3+xPQOxK2qek86MHf0XHGHjyqcnNEa4S9Jb1Opdng5qVSpvk7HqGbZP7TGWgaB59dL2ka+gz6Gz1YBt2RT2Zm4Lt89Ireje0mii8LLGz0wT6WsGYg1E1WlrXUkf7pYYv+wzToFO33guWUAmZ9KxqvCYkHhmnG5fvcL5Mhk0i2AtENoyYbXEWVs5uqIdzXPI8RZRcI8LNAeDSVo0emF7p+nC2hepJw7bpfdFdP3vY34sGvg2ciivfcEZZoGHyl8AnHLkaYEfr6LQK3U+KPdDGR8QGoIIjegL/hyKBKRP0ByFY1zWUxosoShP5OXHiWRhSAD/4C6HS9epZDvwsnF0inZki4dc9WzCVB1OBhUi0OGR5HQmdDub1HwEM3zKUFpyHskEXg+Ydur8+sP46oE/FzROm4KxGFl64aqbFliAJQ5WYvInpGoMcnHKZifM7CSUdwpA8tpqdqR8/iszLRDSJEn+wi1avmKHODjNmCusK+MybuytD1YYdgd6dTRDNztAZRKtEaMm0rJymzHtjnydseS0Qt68zNOHwBAbj4/GBWMYJvC7LbhFL7KHoBor7BEU1k91Ai6lpDpND5SQcfauEakyUrX6ot93BJEY1XlnsViFZIJq8+IlcV/rbyt4FFhhlK9vghUo2d58EjUxOMERX289kRYm/DBR8wwiGzN+I3YC05ouZzZT0XxCjxK3rs8OibWp9fgQH4aQQ8jhfYZ6EyolDezGbaQMw/F8GRu9Kl6x5AM6JGWKFAYR6dg2I9hC4TNqOPwpQyLx2v41lex1rbUjkDPNoxfrlwyxHVnutzZt46djVHrI8yJXBKdhPAT0XQgXQ84lEd/5wuQWDEGo21ZIgCtdTj4fu20iYbvOJ4DQZM2IOkLLBH34Emi7QrBnKuPADiUxoQsrvuOrGZAOvdea6DFIqAUDv+VYsanCA0mIDmIQoLi9WN3V0MkCrlgmJpwqwUdkpctnDdfSjYm7LBzWvpLIVnloHTtWN7DE7pH7ryS11TMe3z9myb5sXR4zzpVFV9AhivOXkuolQ74mlD8e5tzVKjZvk2vcn4HOpmcOnGo9bD5I7NQOd/KLteo++U5oMXs8GBfSjbhrmUpO831n6EGaoJPba3nPfEXF1CuBnHNavjs26fb68myueY/TJRG4kXuI/PNfCgGxe4R9rscyqqDQcQjmaa8I+aiUGA6fbK2EtituAmbJ0NDsJ9yWbHpJ6SNis7Xi/y5mlDj0Bu3iImFX34EcitJPHdLsVDPDl3nwlUhmjKTz6JX/e4Q6wPUbaNqlc+WU+E38yIZ7S7Ese/hXngw2EXRM4/iWipp0S6kIOSRAm8F99L/HPUcJPsIxJd04AQd9u4UBzjf8cjIfwY2mw4X3g8WQFHVEtlvMpHNa4Qd3BfZGdwPy6GC36UlkgS7gykH+dEvQ8PwW33iqCwJDhUOEjVVBQD8y5o7FoB9nvClYLkJPRJT0l7B/FBiMIWQUSPJeaOYz+dqOhQbF89GUgUghhRFuRIVYBeUu6bhNyHDzKAenDE5sttN7WA3rwQYc+VY0XLnCqa7AhVXBqO+2aCqCu8oYkBJr6c8uk/i6iSxxFNdkLscwepDCvzHSBXPQOUTkmQso/cqzj+ncAoYJRl6XxO+ey48e4bwMIasksfHziiIEycqOSoqDxumNnDa4EoHQ+GPLVNSd3jGN2FM0jedsk96n5Mbkxx9CvLopT/JzmK6w2W1dt3RLnS5Je9nSkgxQmiTBaR9dlg0TzJMuJRBhTR5XE+nx8ZLWbTyGF9x93glytOSg/TR+HzjuqUKScqoYaTBsDMs7B/EKv+BEln2UvNAkaRV/YCrbiIPrtNXVxSMBgcBH2MJO2uK0673Scj/izD4XDxvaD/LZfRlQ3R3Q3bs7jbYTyenM/nyfRyuQSOEwYXRrbQvVPmNRFRd+c19HEn5PvoGVru0EaaaiS3RrCTfTWlaApnXSoVViuX9dV3g3ephrk8SVp8f8/HXeZGNdMR9fCkmLpJ7eEBvHb57d293ZLamshIv+uOF4icaa3X4xkXrDJoj1Xfl1phpAhGg4/uZky3mZsyaspBRu2uoKgddyfLrfPfTvuAyCdgyeDGeAP74uZxdTUP+ZOk7RtqHjz6bnCQXIZisLr7Mi1xlvpVchSmhhYE6aIdhv2ZZhqibO+6vOil/uKJ+rvBi+z5ZOQMO0rHg1kbGcpuh4IdUJuZPcgpJZG9a23vP7kbnFHmQq10Jo014L4mFWRK9Zz7KRHk9w2Q7b3yNqEMRPfeJlRAVHSWDsx28ThOo5Hs9PU66XtcsWXX9v6Du8GLzxymC2b48NNRzIy661wzYeN0A257P9MvIgrslFjsYLI5p9npHA2z+g0c1/f+UERztw15cDV22K5gsG/3xruslgCX7W+8+kVEqSWSec8+3MxC8Tkdeji+koxmFweNPwdRZZjV1F0C+6v5abGYX9cwl09P5tUQPRVRLX+nj0/gfjUfnk7z6yA/am+jNvT+YESVY974wUJzLGTYkFUNRE9GNCNTo1Ez1bAwam9gg4be77sbvORuv+jz5nvtOcHPst4rbw7MDua+mwNjnTpVMiliH7erlmGNbNDUe9Pd4FW3d+fuykkV9V+2GRw8orre83eDNwym5e3dNexUgW9xiACvLDm+ovequ8Ej9tq7wZWitpVaAudOUwyTS2ZCb2p7N7gcjFrBXns3eLvLvo1Lv8m14MNhzJ7aWx5xNzh/5twukd5UtFXtNMVwZ6Ns7y0han0F7m0vQJzm2sf6EllkcMn0/sC7wRsRVZRJvxJTDPfjmyF6AqIqMC6bSkyx5Q2NbO/PRVQxqEFf5pV3YX9m3A7RMxBl7Oe8Y02ud7L/Llx3/2RETdTbriBM1x3FvgfJ6mzcA9GzEFWUy9HLj5owld8Av3fbeitEdQ0gI9weN/s4v36/OW5D5T6Inoco/XS62KwpjNypanU+juMAoZISrQ+6G7zy9u4cOz8LBSzWOrxcJpPJ+XwJNZTcoCTZ294N3sDe4m7wtNbbwE41Q/synYy3k+mFpTuYapb9wXeDN2n4OXZ+7zJ9xRWj+TMafhm70CTVSpW9ovcb7wZvtEJ/xv4qK7SW/XfvBn8j+kb0jegb0Tei9yHa5AeoOluruJiw6SjuRvafnNw1s+fdN20RzWm9hbvBo9riOV9V/gbsCvbuY9mlI617H7u8vdt8LLvewP4IDb+Z/U9q+E3sd2r4/wPEj6+jU9JrbwAAAABJRU5ErkJggg=="
"Mercedes-Benz G-Класс W463 [3-й рестайлинг] AMG внедорожник 5-дв. , 2019",210000$,https://i.cars.kg/preview/r/bwEn_jN25LcgzYTwuB4HOA/1080x-/20210805/b8d57800043567ae7fbca894a772b44b.jpg
"Mercedes-Benz M-Класс W164 Кроссовер , 2005",8600$,https://i.cars.kg/preview/r/_teC0FpPgJmreObBA8EeUw/1080x-/20210804/4584636e92f5daf1d984abb2ab1e43d2.jpg
"Mercedes-Benz M-Класс W163 [рестайлинг] , 2004",7500$,https://i.cars.kg/preview/r/I1z8GytUK204zE_KlSJXcQ/1080x-/20210803/a546f0e134f6a0cd47480b85187d41e6.jpg
"Mercedes-Benz S-Класс W140/C140 Седан , 1992",5500$,https://i.cars.kg/preview/r/x_pAdbIau7EnJ4ICSyou6g/1080x-/20210802/98d0be46347ecc1f83a9289af4a39c4d.jpg
"Mercedes-Benz C-Класс W202/S202 [рестайлинг] Седан , 2001",4500$,https://i.cars.kg/preview/r/ajnuHJeFlpEmobfho3o1cA/1080x-/20210802/15daaaa3e6b9672943993ef193571396.jpg
"Mercedes-Benz Vito W639 Mixto микроавтобус 4-дв. , 2002",5600$,https://i.cars.kg/preview/r/yLPJUSWaW0BtL6Q8eJ5-rQ/1080x-/20210731/882844e52a2534b788fe98624aec2441.jpeg
"Mercedes-Benz Sprinter , 1998",5000$,https://i.cars.kg/preview/r/B_gSeoifVIkcb4_zjEb3Zg/1080x-/20210731/f012b949b2e175a01ba35a87d38cd3b0.jpg
"Mercedes-Benz , 2000",7500$,https://i.cars.kg/preview/r/Cc5Yl04fdlCdPXATaYBTSA/1080x-/20210730/c806da4dfbda22c44ce59c8f6d162a6c.jpg
"Mercedes-Benz Sprinter W906 [рестайлинг] Борт 2-дв. , 2013",26000$,https://i.cars.kg/preview/r/pJ1bIundXX6zLkSC5qpWIw/1080x-/20210729/760efe1c73d295b19c0574de0d4ac035.jpeg
"Mercedes-Benz S-Класс W220 [рестайлинг] Седан , 2003",6900$,https://i.cars.kg/preview/r/0DM_oJkOgcT-X0EbgCNPJQ/1080x-/20210729/00b4254d1388abb93833b6d590d75578.jpg
"Mercedes-Benz GL-Класс X166 AMG внедорожник 5-дв. , 2014",35000$,https://i.cars.kg/preview/r/pJHDfesMPqPDnywL_wafVQ/1080x-/20210727/2f7a1e6b91b9f54037d8355e2dcf6cf2.jpg
"Mercedes-Benz S-Класс W220 , 2002",4500$,https://i.cars.kg/preview/r/JDSTSvgYAuwia-26S1XC5g/1080x-/20210726/89374d840e0c2cef8dfa382ed8670a17.jpg
"Mercedes-Benz E-Класс W211/S211 Седан , 2003",8200$,https://i.cars.kg/preview/r/eI3RGbTQsGtQ06Ts-_SjIg/1080x-/20210726/fac04e7893ea6adf86135319925749ca.jpg
"Mercedes-Benz S-Класс W222 / C217 AMG седан 4-дв. , 2014",60000$,https://i.cars.kg/preview/r/JRdjffaezmEuvcGA87mqww/1080x-/20210724/4c131e35f92ea5c768dd570c007e26d7.png
"Mercedes-Benz  124 кузов , 1990",1827$,https://i.cars.kg/preview/r/gHbBopbfRQJVRmjjVnrYzg/1080x-/20210724/d7659d967d1f5d9f942d6fc6f95f821f.jpg
"Mercedes-Benz Sprinter , 2000",13500$,https://i.cars.kg/preview/r/JPl-JZftqSA1kvBWm5a0-w/1080x-/20210723/2fc2ae760ceda8bb8c4215f07c7281ae.jpg
"Mercedes-Benz Sprinter W906 Фургон , 2007",15500$,https://i.cars.kg/preview/r/eCYlaS_BSXdkvu4zkDx3OQ/1080x-/20210723/c578e7526e5b5a804bef6b190527beea.jpg
"Mercedes-Benz Sprinter , 2004",9400$,https://i.cars.kg/preview/r/Y2usUtWIj9hOozM5dHyxIQ/1080x-/20210723/0889b949ee9541ea82e105bcf3ed5019.jpg
"Mercedes-Benz S-Класс W140 [2-й рестайлинг] Седан , 1996",6900$,https://i.cars.kg/preview/r/xNIOr4150oocJ8PWtp3_Xw/1080x-/20210722/21ba02740080d9bfe8aa76ff22b37ae1.jpeg
"Mercedes-Benz S-Класс W220 Седан , 2000",4300$,https://i.cars.kg/preview/r/M3ManqcZZ08xZNmQGifF6A/1080x-/20210722/c330ab1cf51415fd014b02ba5b1ff6c7.jpeg
"Mercedes-Benz Sprinter , 2001",11500$,https://i.cars.kg/preview/r/LIsZQxOI7qAx_OSgY-PPnQ/1080x-/20210720/473933c8168bb2ab452d3cc47059e759.jpeg
"Mercedes-Benz E-Класс W211/S211 Седан , 2002",7900$,https://i.cars.kg/preview/r/F8QCarM_gBQ1qLR9WlGO5A/1080x-/20210717/e1c3ab3c830fafa4f5a4883476147961.jpg
"Mercedes-Benz S-Класс W140 [2-й рестайлинг] , 1996",6500$,https://i.cars.kg/preview/r/s7Y1YozB69sESB-EDddvVQ/1080x-/20210716/5779f6b939a3d9e7c4ba73442cd6ecae.jpg
"Mercedes-Benz E-Класс W210/S210 [рестайлинг] Седан , 2000",7200$,https://i.cars.kg/preview/r/2Aova88QARmPFnWTbGJz1A/1080x-/20210716/d2bfd3bfd4799b1d326bcfaf38c70df0.jpg
"Mercedes-Benz E-Класс W210/S210 [рестайлинг] Седан , 2000",7200$,https://i.cars.kg/preview/r/2Aova88QARmPFnWTbGJz1A/1080x-/20210716/d2bfd3bfd4799b1d326bcfaf38c70df0.jpg
"Mercedes-Benz CLA-Класс C117 AMG Shooting Brake универсал 5-дв. , 2018",1234$,https://i.cars.kg/preview/r/ay0RoYSyTAP0-yx-ki4Zzw/1080x-/20210714/ecdf41071eb3b19e53da61f2e6dade80.png
"Mercedes-Benz E-Класс W124 Седан 4-дв. , 1989",1900$,https://i.cars.kg/preview/r/ymPI_TrvmU74kt7G6E6GJA/1080x-/20210713/865f371ec866d745bfa2e985da81fe52.jpg
"Mercedes-Benz E-Класс W124 Седан 4-дв. , 1988",5800$,https://i.cars.kg/preview/r/vH8-Oi-SREKqUC0QoZjF3g/1080x-/20210713/298d171314b7ebad0f25e8c1aac86abc.jpg
"Mercedes-Benz S-Класс W220 [рестайлинг] Седан , 2003",5499$,https://i.cars.kg/preview/r/ivBIdc3ZK5puR_NiXfbszA/1080x-/20210713/8f082f44e22c1344af853fd8457adf48.jpg
"Mercedes-Benz E-Класс W210/S210 [рестайлинг] Седан , 2003",6999$,https://i.cars.kg/preview/r/DhjeoQvYA0iQGIocla7HUg/1080x-/20210712/28e87e096b97f57abdea3e474fa5d91c.jpg
"Mercedes-Benz E-Класс W210/S210 Седан 4-дв. , 1997",4100$,https://i.cars.kg/preview/r/9hLsaFHHKsRUbM5RnQfr9A/1080x-/20210711/a68f1f5f189a0a12e0b123ed8b734353.png
"Mercedes-Benz S-Класс W220 Седан , 1998",5500$,https://i.cars.kg/preview/r/r7fJkWEo1k2OrzBFUYdFTg/1080x-/20210711/024763bc0735f0841885dc9bacf05bc2.jpg
"Mercedes-Benz E-Класс W124 Универсал , 1993",3010$,https://i.cars.kg/preview/r/YqOoGL0beg3AUzAyr0uW0A/1080x-/20210710/3afb4c8ac51b4785c6e7e2350d4d37f9.jpg
"Mercedes-Benz E-Класс W210/S210 [рестайлинг] Седан , 2002",5600$,https://i.cars.kg/preview/r/V9vzspU7sAM-_ceEK9b4nA/1080x-/20210710/c134f5537da8dcd81117ee848379f42a.jpg
"Mercedes-Benz E-Класс W210/S210 [рестайлинг] Седан , 2001",5500$,https://i.cars.kg/preview/r/FKRq8sir6GoEboxSntZr1g/1080x-/20210708/e2b71e69a6c4c9958738ef3cfc7011c6.jpeg
"Mercedes-Benz C-Класс W202/S202 Седан , 1995",2940$,https://i.cars.kg/preview/r/FlY7i-DAJEB3P544ThXlrA/1080x-/20210706/c2d011fb63a0251587bfdf4c804bbb6a.jpg
"Mercedes-Benz S-Класс W221 Седан , 2006",12900$,https://i.cars.kg/preview/r/5ml_hbBZrouOPLyMiwqjfg/1080x-/20210703/320b338ebc0633f098d6a3cc73737fe6.jpg
"Mercedes-Benz E-Класс W210/S210 Седан 4-дв. , 1999",3500$,https://i.cars.kg/preview/r/IuoE9yGN4h5hFGd_vl322Q/1080x-/20210702/05e265846fdd4b52de917d40b75f4aea.jpg
"Mercedes-Benz V-Класс W906 Фургон Vario, 1997",12800$,https://i.cars.kg/preview/r/nzqJNlO-tJRdYAzfRAKCzA/1080x-/20210702/d95c9ca5a60d492ca4e90817c6b78868.jpg
"Mercedes-Benz E-Класс W210/S210 [рестайлинг] Седан , 2000",5000$,https://i.cars.kg/preview/r/VNeI9xGIe78-jNLmxz7xUA/1080x-/20210701/b9ffbd67bc6acc1f5f7057d480aa68a6.jpg
"Mercedes-Benz M-Класс W164 Кроссовер , 2006",7500$,https://i.cars.kg/preview/r/H-XlGOYp3lBfqJOXG9MZCw/1080x-/20210628/6e7e84ebe5dd851b5eb23035e17f9560.jpg
"Mercedes-Benz S-Класс W220 Седан , 2002",9500$,https://i.cars.kg/preview/r/7Fy53Vmz3XBQGrf_Idj6Uw/1080x-/20210626/3c6b2332b549068a21e7b535d9299776.jpeg
"Mercedes-Benz E-Класс W210/S210 [рестайлинг] Седан , 2000",6700$,https://i.cars.kg/preview/r/Ihy9Ztlr5g_ORi8Ta9Wjrg/1080x-/20210625/4da1d05e1660b30b3c59c4d90b566247.jpg
"Mercedes-Benz E-Класс W211/S211 AMG седан 4-дв. , 2003",6500$,https://i.cars.kg/preview/r/7fW0JJHmc07b8wEtvdrN9Q/1080x-/20210624/84f6f777de2448db2245745bcaae27ba.jpg
"Mercedes-Benz S-Класс W220 [рестайлинг] AMG седан 4-дв. , 2003",13500$,https://i.cars.kg/preview/r/o5Q8z4wwxVtqEOD2ybPkOA/1080x-/20210624/ff6f4ba2c2f381949d561496e8edab1c.jpg
"Mercedes-Benz S-Класс W222 / C217 Maybach седан 4-дв. , 2018",150000$,https://i.cars.kg/preview/r/H3_zfd7mV_G3ckpmnYrsaQ/1080x-/20210623/0c86ecc54c4b100fabb1926e8934ace0.jpg
"Mercedes-Benz E-Класс W210/S210 [рестайлинг] , 2002",5800$,https://i.cars.kg/preview/r/hr0khW3lh3UcMjkwmjCPUg/1080x-/20210622/d7a37ceadc8baf3e55209b5781a592b3.jpg
"Mercedes-Benz S-Класс W221 , 2007",12500$,https://i.cars.kg/preview/r/PBkcMHO--aRQXRboo-ripA/1080x-/20210621/eedb2bfb63ad4b7a260f5f64924974e7.jpg
"Mercedes-Benz S-Класс W220 [рестайлинг] Седан , 2003",7900$,https://i.cars.kg/preview/r/Ax-8SyKg2TbGEL71slMyQw/1080x-/20210618/2b6530c2d1220be63820f797501c7c7c.jpg
"Mercedes-Benz E-Класс W211/S211 , 2002",9000$,https://i.cars.kg/preview/r/DsoiBUDEXecpEz3AjpcYbQ/1080x-/20210616/f79c59050affe47d883a68622db37dd7.jpg
"Mercedes-Benz Sprinter , 1995",4127$,https://i.cars.kg/preview/r/IdEiBVvvimDzsullDDeQ1g/1080x-/20210616/9ca0cc5fca1719ff696d8705a6751fc6.jpg
"Mercedes-Benz C-Класс W203/S203/CL203 Универсал 5-дв. , 2004",7200$,https://i.cars.kg/preview/r/XEdONetcRJ8r-uwz9gTYdQ/1080x-/20210616/1c8523e556df8df0754704f14c59945a.jpg
"Mercedes-Benz S-Класс W220 Седан , 1999",4550$,https://i.cars.kg/preview/r/fnttLqSt1_dbVrAmQRK5jw/1080x-/20210614/43d9ff2c00a8a346438462c3a49c996f.jpg
